Date,Rate
06/02/2025,4.5
07/11/2024,4.75
01/08/2024,5
03/08/2023,5.25
22/06/2023,5
11/05/2023,4.5
23/03/2023,4.25
02/02/2023,4
15/12/2022,3.5
03/11/2022,3
22/09/2022,2.25
04/08/2022,1.75
16/06/2022,1.25
05/05/2022,1
17/03/2022,0.75
03/02/2022,0.5
16/12/2021,0.25
19/03/2020,0.1
11/03/2020,0.25
02/08/2018,0.75
02/11/2017,0.5
04/08/2016,0.25
05/03/2009,0.5
05/02/2009,1
08/01/2009,1.5
04/12/2008,2
06/11/2008,3
08/10/2008,4.5
10/04/2008,5
07/02/2008,5.25
06/12/2007,5.5
05/07/2007,5.75
10/05/2007,5.5
11/01/2007,5.25
09/11/2006,5
03/08/2006,4.75
04/08/2005,4.5
05/08/2004,4.75
10/06/2004,4.5
06/05/2004,4.25
05/02/2004,4
06/11/2003,3.75
10/07/2003,3.5
06/02/2003,3.75
08/11/2001,4
04/10/2001,4.5
18/09/2001,4.75
02/08/2001,5
10/05/2001,5.25
05/04/2001,5.5
08/02/2001,5.75
10/02/2000,6
13/01/2000,5.75
04/11/1999,5.5
08/09/1999,5.25
10/06/1999,5
08/04/1999,5.25
04/02/1999,5.5
07/01/1999,6
10/12/1998,6.25
05/11/1998,6.75
08/10/1998,7.25
04/06/1998,7.5
06/11/1997,7.25
07/08/1997,7
10/07/1997,6.75
06/06/1997,6.5
06/05/1997,6.25
30/10/1996,5.94
06/06/1996,5.69
08/03/1996,5.94
18/01/1996,6.13
13/12/1995,6.38
02/02/1995,6.63
07/12/1994,6.13