Region code,Region,01/01/1995,01/02/1995,01/03/1995,01/04/1995,01/05/1995,01/06/1995,01/07/1995,01/08/1995,01/09/1995,01/10/1995,01/11/1995,01/12/1995,01/01/1996,01/02/1996,01/03/1996,01/04/1996,01/05/1996,01/06/1996,01/07/1996,01/08/1996,01/09/1996,01/10/1996,01/11/1996,01/12/1996,01/01/1997,01/02/1997,01/03/1997,01/04/1997,01/05/1997,01/06/1997,01/07/1997,01/08/1997,01/09/1997,01/10/1997,01/11/1997,01/12/1997,01/01/1998,01/02/1998,01/03/1998,01/04/1998,01/05/1998,01/06/1998,01/07/1998,01/08/1998,01/09/1998,01/10/1998,01/11/1998,01/12/1998,01/01/1999,01/02/1999,01/03/1999,01/04/1999,01/05/1999,01/06/1999,01/07/1999,01/08/1999,01/09/1999,01/10/1999,01/11/1999,01/12/1999,01/01/2000,01/02/2000,01/03/2000,01/04/2000,01/05/2000,01/06/2000,01/07/2000,01/08/2000,01/09/2000,01/10/2000,01/11/2000,01/12/2000,01/01/2001,01/02/2001,01/03/2001,01/04/2001,01/05/2001,01/06/2001,01/07/2001,01/08/2001,01/09/2001,01/10/2001,01/11/2001,01/12/2001,01/01/2002,01/02/2002,01/03/2002,01/04/2002,01/05/2002,01/06/2002,01/07/2002,01/08/2002,01/09/2002,01/10/2002,01/11/2002,01/12/2002,01/01/2003,01/02/2003,01/03/2003,01/04/2003,01/05/2003,01/06/2003,01/07/2003,01/08/2003,01/09/2003,01/10/2003,01/11/2003,01/12/2003,01/01/2004,01/02/2004,01/03/2004,01/04/2004,01/05/2004,01/06/2004,01/07/2004,01/08/2004,01/09/2004,01/10/2004,01/11/2004,01/12/2004,01/01/2005,01/02/2005,01/03/2005,01/04/2005,01/05/2005,01/06/2005,01/07/2005,01/08/2005,01/09/2005,01/10/2005,01/11/2005,01/12/2005,01/01/2006,01/02/2006,01/03/2006,01/04/2006,01/05/2006,01/06/2006,01/07/2006,01/08/2006,01/09/2006,01/10/2006,01/11/2006,01/12/2006,01/01/2007,01/02/2007,01/03/2007,01/04/2007,01/05/2007,01/06/2007,01/07/2007,01/08/2007,01/09/2007,01/10/2007,01/11/2007,01/12/2007,01/01/2008,01/02/2008,01/03/2008,01/04/2008,01/05/2008,01/06/2008,01/07/2008,01/08/2008,01/09/2008,01/10/2008,01/11/2008,01/12/2008,01/01/2009,01/02/2009,01/03/2009,01/04/2009,01/05/2009,01/06/2009,01/07/2009,01/08/2009,01/09/2009,01/10/2009,01/11/2009,01/12/2009,01/01/2010,01/02/2010,01/03/2010,01/04/2010,01/05/2010,01/06/2010,01/07/2010,01/08/2010,01/09/2010,01/10/2010,01/11/2010,01/12/2010,01/01/2011,01/02/2011,01/03/2011,01/04/2011,01/05/2011,01/06/2011,01/07/2011,01/08/2011,01/09/2011,01/10/2011,01/11/2011,01/12/2011,01/01/2012,01/02/2012,01/03/2012,01/04/2012,01/05/2012,01/06/2012,01/07/2012,01/08/2012,01/09/2012,01/10/2012,01/11/2012,01/12/2012,01/01/2013,01/02/2013,01/03/2013,01/04/2013,01/05/2013,01/06/2013,01/07/2013,01/08/2013,01/09/2013,01/10/2013,01/11/2013,01/12/2013,01/01/2014,01/02/2014,01/03/2014,01/04/2014,01/05/2014,01/06/2014,01/07/2014,01/08/2014,01/09/2014,01/10/2014,01/11/2014,01/12/2014,01/01/2015,01/02/2015,01/03/2015,01/04/2015,01/05/2015,01/06/2015,01/07/2015,01/08/2015,01/09/2015,01/10/2015,01/11/2015,01/12/2015,01/01/2016,01/02/2016,01/03/2016,01/04/2016,01/05/2016,01/06/2016,01/07/2016,01/08/2016,01/09/2016,01/10/2016,01/11/2016,01/12/2016,01/01/2017,01/02/2017,01/03/2017,01/04/2017,01/05/2017,01/06/2017,01/07/2017,01/08/2017,01/09/2017,01/10/2017,01/11/2017,01/12/2017,01/01/2018,01/02/2018,01/03/2018,01/04/2018,01/05/2018,01/06/2018,01/07/2018,01/08/2018,01/09/2018,01/10/2018,01/11/2018,01/12/2018,01/01/2019,01/02/2019,01/03/2019,01/04/2019,01/05/2019,01/06/2019,01/07/2019,01/08/2019,01/09/2019,01/10/2019,01/11/2019,01/12/2019,01/01/2020,01/02/2020,01/03/2020,01/04/2020,01/05/2020,01/06/2020,01/07/2020,01/08/2020,01/09/2020,01/10/2020,01/11/2020,01/12/2020,01/01/2021,01/02/2021,01/03/2021,01/04/2021,01/05/2021,01/06/2021,01/07/2021,01/08/2021,01/09/2021,01/10/2021,01/11/2021,01/12/2021,01/01/2022,01/02/2022,01/03/2022,01/04/2022,01/05/2022,01/06/2022,01/07/2022,01/08/2022,01/09/2022,01/10/2022,01/11/2022,01/12/2022,01/01/2023,01/02/2023,01/03/2023,01/04/2023,01/05/2023,01/06/2023,01/07/2023,01/08/2023,01/09/2023,01/10/2023,01/11/2023,01/12/2023,01/01/2024,01/02/2024,01/03/2024,01/04/2024,01/05/2024,01/06/2024,01/07/2024,01/08/2024,01/09/2024,01/10/2024,01/11/2024,01/12/2024
E92000001,England,17.6,17.5,17.6,17.7,17.7,17.8,17.8,17.7,17.6,17.5,17.4,17.5,17.3,17.4,17.4,17.6,17.8,17.9,18.1,18.2,18.2,18.1,18.3,18.4,18.4,18.6,18.8,19,19.3,19.5,19.8,20.1,20.1,20.2,20.3,20.3,20.4,20.4,20.6,21,21.2,21.4,21.6,21.7,21.7,21.6,21.6,21.7,21.7,21.6,21.9,22.3,22.6,22.9,23.3,23.7,24.1,24.2,24.5,24.8,24.8,25,25.4,26.3,26.5,26.8,27.3,27.6,27.6,27.5,27.6,27.8,27.9,27.8,28.2,28.9,29.3,29.7,30.2,30.8,30.9,31.1,31.4,31.7,31.8,31.9,32.7,33.5,34.5,35.3,36.3,37.3,37.6,38.3,39.2,39.6,40.2,40.2,40.7,41.7,42.4,42.7,43.7,44.2,44.2,44.9,45.3,45.9,46.2,46.3,47.1,48.6,49.6,50.7,51.8,52.4,52.6,52.6,53,52.8,52.4,52.4,52.7,53.3,53.9,54.2,54.8,55,54.9,54.7,54.9,55.2,55,55.1,55.5,56.5,57,57.6,58.2,58.7,58.9,59.1,59.4,60.1,60.1,60.3,60.7,61.7,62.4,63,63.9,64.2,64.3,64.3,64.2,64.2,63.3,62.8,62.3,62.5,62.7,61.9,61.4,60,58.5,57.2,55.6,54.8,53.7,53.2,52.6,53.1,53.8,54.4,55.4,56,56.6,56.9,57.1,57.5,57.6,57.9,57.7,58.4,58.7,59,59.6,59.7,59.5,58.8,58.2,58.1,57.6,57.4,57.2,58,57.7,57.8,58.5,58.6,58.4,57.9,57.9,57.7,57.5,57.5,57.6,58.3,58.5,59,59.4,59.5,59.3,58.9,59,58.9,58.4,58.5,58.9,59.4,59.7,60.1,60.9,61.3,61.5,61.2,61.5,62.3,62.2,62.5,62.8,64.2,64.8,65.4,66.3,67.2,67.3,67.2,67,67.2,67,67.2,67.2,68,68.8,69.3,70.5,71.3,71.5,71.6,72.2,72.5,72.8,72.9,73.6,73.9,74.8,75.5,76.3,76.4,76.3,76,76.3,76.6,76.5,76.9,76.6,77.6,78.2,78.8,79.7,80.1,80,79.9,79.6,80.1,79.6,79.9,79.4,80.1,80.4,80.9,81.9,82.1,82,81.8,81.6,81.4,80.8,80.7,80.3,80.8,80.9,81.2,82.1,82.3,82.5,82.2,81.9,82,81.9,81.5,82.3,81.4,81.8,82.8,83.6,84.5,85.3,85.8,86.7,87.5,87.4,87.9,89,87.7,87.9,93.1,87.7,90.7,93.8,90.9,92.9,93.7,94.5,94.9,95.2,96.1,97.3,98.4,100.2,101.2,101.5,101.5,101.5,100.8,100,99.3,97.8,98,97.9,98.5,99.5,100,99.5,99.1,98.3,97.5,97.3,97.1,97,97.6,98.6,99,99.8,101.7,102,101.6,101.7,101.7
E12000001,North East,26.4,26.7,26.6,26.4,27.1,26.5,27.2,26.3,26.3,26.2,26.2,26.5,25.6,25.5,26.2,26.1,27,26.9,26.9,27.2,27,26.7,26.8,26.7,26.6,26.7,26.8,27.6,27.7,28,28.6,28.1,27.5,27.6,27.6,27.8,27.8,27.3,28.1,28.3,28.3,28.8,28.7,29.2,29.2,28.6,28.5,28.9,28.5,27.6,28.5,28.9,29,29.9,30,29.9,29.9,30.7,30.5,30.3,29.9,30,30.5,31,31.2,30.7,31.6,31.8,31,31.1,30.8,31.6,31.3,30.8,31.1,32.5,32.9,32.8,33.5,34.8,33.7,34,34.4,35.1,34.3,34.5,35.5,36.5,37.7,38.2,39.7,40.8,40.4,41.4,43,43.6,42.4,42.9,45.1,47.4,48.3,49.4,52,52.9,53.1,54.8,55.6,56.2,57.1,55.5,58.4,62.4,64.1,66.8,69.1,70.1,69.3,70.4,68.7,71.2,69.9,69.3,70.6,72.5,73.4,74.4,76.1,77.2,76.1,76.3,77.3,77.2,77.2,76,77.7,79.2,79.5,81,81.7,81.5,82.6,82.7,82,84.1,83.1,82.3,82.9,84.7,85.1,86.4,87.5,86.9,86.8,86.5,87.1,86.9,85,84.7,83.8,85.3,86,85,83,82.5,79.6,78.1,77.7,75.5,74.5,73.5,73.4,74.2,75,75.8,75.9,77,77.6,77.2,77.9,78.5,75.2,76.5,77.2,77.4,77.1,77.6,77.4,79.2,76.7,78.3,75.4,75.1,73.5,73.3,72.6,74.9,75.3,75.1,73.8,73.4,73.5,72.9,73.4,72.3,70.9,71.4,73.2,72.8,72.5,73.7,73.5,75.1,74.1,73.3,73.3,72.1,71.3,70.3,72.2,72.4,72.7,72.5,74.4,75.4,74.7,70.8,73.1,72.9,71.8,72,73,74.2,74.4,76,76.1,76.1,75.4,74.4,74.5,74.5,73.5,74.4,73.8,76.3,75.7,76.9,77,77.6,77.4,76.2,77.2,77.5,76,76,77.1,76.8,78.2,79.6,80.1,79.1,78.3,77.9,78.4,79.3,76.6,77.8,76.4,78.4,79.7,80.4,80.3,81.4,80,80.7,79.8,81.6,77.9,79.3,77.8,80.5,80.8,80.3,82.3,81.8,81.7,82,80.9,80.7,78.7,78.1,78.2,80.8,80.8,81.2,81.5,82.5,82.8,81.1,81.2,81.1,79.9,79.7,80.5,77.3,80.3,81.3,82,82.5,84.6,84.5,86.2,87.2,87.9,88.7,90.3,88.8,88.7,96.2,89.1,90.8,97.4,90.7,91.8,93,93.2,93.3,95.1,95.8,96.4,98,100.5,100.6,101.4,101.9,101.5,101,100,98,96.1,97.8,97.4,99.1,99.5,102.4,100.5,100.1,100,100.3,97.8,98.9,97.5,97.5,99.1,101.5,101.6,103.4,105.5,104.6,106.4,107
E12000002,North West,20.7,20.7,20.9,20.9,20.8,20.8,20.8,20.8,20.8,20.3,20.4,20.4,20.1,20.3,20.3,20.4,20.7,20.7,20.9,21,21,21,20.9,21,20.8,21.1,21.2,21.2,21.5,21.9,21.8,22.1,22.1,21.9,22,21.8,21.8,21.6,21.8,22.4,22.8,22.6,22.8,22.7,22.8,22.7,22.6,22.8,22.4,22.4,22.6,23.3,23.6,23.6,24,24.2,24.3,24.2,24.4,24.5,24.1,24,24.7,25.3,25.2,25.2,25.6,25.9,25.9,26,26.1,26.4,26.3,26.1,26.2,27.1,27.2,27.9,28.3,28.6,28.9,28.8,29,29.4,29.1,29,30,30.4,31.7,32.3,33.3,33.8,33.8,34.2,35.2,35.6,35.8,35.8,36.3,38,39,39.7,41.1,42.2,42.2,43.2,44,45.3,45.1,45.7,46.4,49.2,50.9,52.5,54.6,55.2,55.5,55.8,56.5,56.6,56,55.4,57,58,59.3,60.1,60.8,61.4,61.4,61.2,61.4,62.4,61.3,62,61.8,64,64.2,65.2,65.8,66,66.6,66.5,67,67.8,67.3,67.7,67.8,69,69.6,70.6,70.8,71.4,71.2,71.3,71,71.8,69.9,69.2,68.3,69.4,69.1,68.8,67.8,67,65,64.3,62.6,62,60.1,59.8,58.7,60.2,60.4,60.7,61.6,62.1,62.4,62.8,63,64,61.7,62.7,61.9,63.2,63.3,63.5,63.1,64,63.3,62.7,61.8,61.9,61.2,60.8,60.2,61,60.7,60.5,61.4,61.9,61.5,61.1,60,60.3,59.3,60,60.2,60.4,60,61.2,60.8,61.3,61.2,59.8,60.7,60.2,58.7,59.9,59.8,60.1,60.3,61.1,61.1,62,61.9,60.8,61.3,61.9,61.1,61.9,61.3,62.9,63.2,64,64.4,65.1,65,64.7,64.5,64.4,64.1,64.6,63.7,64.7,65.8,65.6,66.7,67.1,67.3,66.9,67.3,67.3,67.4,67.4,66.6,69.1,69.6,69.8,70.8,70.8,70.7,69.9,70.5,70.5,70.4,71.1,70.5,71.7,72.1,73.1,73.9,74.6,74.3,74.1,74.3,74.8,73.3,74.2,73.3,74.3,74.8,75.5,76.5,76.8,76.8,77.2,76.9,76.7,76,76.4,75.7,76.4,77.3,77.2,78.3,79,78.7,78.6,78.2,77.8,77.5,77.6,78.5,77.2,77.4,79.5,80.7,81.7,82.1,83.8,84.1,85.6,86.3,87.7,89.1,87.4,87.6,94.8,87,90.4,94.8,89.7,92.5,93.9,94.5,94.7,95.2,96.7,97.7,98.4,100.9,101.7,102.7,102.3,102.7,101.7,100,99.5,98.4,98.4,99.4,100.2,100.8,101.5,101.6,101.7,101,101.4,99.7,99.5,100.5,100.5,102.7,103,103.3,105.8,106.1,106.2,107.3,106.8
E12000003,Yorkshire and The Humber,22,21.9,22.2,22.4,22,22.3,22.4,22.2,22,21.8,21.7,21.8,21.3,21.5,21.6,21.9,22.1,22.2,22.4,22.4,22.2,22,22.4,22.2,22.1,22,22.3,22.7,22.9,23,23.1,23.2,23.2,22.9,23,22.7,23,23,22.9,23.3,23.5,23.5,23.9,23.9,23.6,23.7,23.1,23.5,23.4,23.4,23.6,23.8,24.3,24.5,24.4,24.9,24.7,24.8,25,24.9,24.8,24.8,24.9,25.8,26,26.3,26.6,26.6,26.9,26.8,26.5,26.9,27,26.6,26.8,27.6,28.1,28.4,28.8,29.4,29.5,29.2,29.7,30,29.9,30.5,30.9,31.8,32.8,33.9,34.5,35.4,35.9,36.3,37.7,38,38.6,38.7,39.3,40.7,41.9,42.8,44,44.9,45.1,45.8,46.8,47.8,47.6,47.8,49.6,52.4,53.7,55.4,56.5,57.5,58.2,58.1,58.4,59.1,58.4,59.1,59.8,60,61.4,62.1,62.8,63.4,63.5,63.6,63.7,64.1,63.9,64.3,64.6,66.2,66.4,67.1,68,68.7,68.8,69.1,69.4,70.3,69.7,69.8,70.1,71.8,72.6,73.4,73.5,73.6,73.4,73.8,73.6,73.8,72.3,72.1,71.3,71.8,72.2,70.7,70.6,69.4,67.6,66.5,64.5,63.9,61.7,61.8,60.8,62.1,62.5,62.9,64.9,65,64.8,65.8,65.9,66.4,65.2,65.2,65.2,66,66.2,66.5,67.4,67.2,66.5,65.4,64.6,65.2,63.3,64.3,62.8,64.7,64.7,64,64.4,65,64.6,63.5,63.8,63.7,62.3,62.8,63.2,62.9,63.7,64.3,64.4,64.7,64.1,63.5,64,63.7,61.7,62.9,62.7,62.9,63.9,64.2,64.6,64.8,65.4,64.3,64.7,65.5,64.6,65.6,64.7,66.6,67,67,67.8,68.6,67.7,68.1,67.9,68.4,66.9,67.3,67.7,68,69.6,69.7,71.1,71.4,71,70.9,71.2,71.5,71,71.3,70.6,72.8,73,73.8,74.3,74.4,73.9,73.9,74.3,74.9,73.1,74,73.5,75.3,75.9,76.5,76.9,77.6,77.6,77.1,77.2,77.8,76.6,76.5,76.9,77.3,78.4,78.8,79.6,80.6,79.7,79.4,79.3,79.6,78.8,78.2,79,79.5,79.7,80.4,81,81.3,81.3,81.6,81,81.4,80.8,80.7,81.2,78.7,81,82.5,82.9,84,84.4,85.6,87.5,88.1,88.9,89.4,90.1,88.4,89.3,96.1,88.2,91.3,95.9,90.7,93.4,94.3,95.1,95.9,95.5,96.5,98.7,99.6,101.4,102,102.7,103,103.4,103.1,100,100,97.7,99.3,98.8,100.9,101.8,103.2,101.4,102,101.2,100.5,100,99.9,100.7,100.4,101.6,103.4,103.9,106.1,105.6,106,107.3,106.4
E12000004,East Midlands,18.6,18.8,18.6,18.9,18.8,18.7,18.8,18.8,18.7,18.5,18.4,18.7,18.3,18.2,18.5,18.7,18.7,18.9,19.1,19.3,19.2,19,19.4,19.5,19.1,19.4,19.5,19.9,20.1,20,20.5,20.7,20.6,20.5,20.8,20.6,20.8,20.6,20.7,21.3,21.4,21.5,21.7,21.9,21.7,21.6,21.6,21.7,21.7,21.5,21.9,22.7,22.5,22.6,23.1,23.4,23.4,23.5,23.9,23.9,23.8,24,24.2,24.9,25.1,25.5,26,26.2,26.5,26.2,26.4,26.7,26.9,26.8,27,27.8,28.3,28.7,29,29.5,29.7,30,30.4,30.8,30.8,31.3,32,32.8,33.8,34.6,36.1,37.3,37.4,38.4,39.7,40.2,41,41.9,41.5,43.6,44.5,44.8,45.7,46.9,46.9,47.6,48.2,48.3,48.9,49.2,49.6,51.4,52.6,53.6,54.7,55.7,56.1,56,56.7,56.4,55.4,56,56.1,56.7,57.4,57.2,57.9,58.3,57.9,58.4,58.4,58.2,57.5,57.6,57.9,59.5,59.4,59.9,61,61.3,60.7,61.3,61.4,62.1,61.9,62.2,62.4,63,63.2,63.9,64.6,65.1,65.3,64.5,64.6,64.3,62.6,62.6,62.3,62.4,62.3,62,61.8,59.8,58.3,57.4,55.2,55.2,53.9,53.1,53.2,53.3,53.1,54.5,54.9,55.8,55.9,56.6,56.7,57.5,55.8,57.1,56.4,57.1,58,58.2,58.5,58.9,58.1,57.7,57.3,56.9,55.8,56.2,55.8,56.1,56.3,56.4,57.3,57.5,56.8,56.3,56.4,56.8,55.8,55.7,56.1,56.7,56.6,57.1,57.7,57.2,57,57,57.1,56.9,56.3,56.3,56.7,57,57.7,57.8,58.3,58.9,58.7,59.1,58.7,59.7,59.4,60,59.9,61.1,61.4,62,62.5,63.4,63.5,63.1,63,63,62.9,63.1,63.3,63.7,64.5,65,66,66.8,66.4,67,67.3,67.6,67.5,67.3,67.6,68.7,69.1,69.6,70.3,70.6,70.9,70.6,71.1,71.5,70.8,71.7,71.6,72.8,73.2,73.7,75,74.8,75.2,75.3,75.3,75.7,75.5,76.6,75.6,76.6,77.3,77.4,78.3,78.8,79.4,78.4,79,78.4,78.3,78.2,78,78.4,78.5,78.6,79.2,79.9,79.7,79.7,79.7,79.6,79.8,79.2,80.1,79.9,79.6,81.2,82,82.2,82.5,83.7,84.7,85.8,85.9,86.9,87.4,86.1,86.5,91.5,86.2,89,92.4,90.4,91.8,92.8,93.5,93.9,94.7,95.5,96.4,98.2,99.2,100.8,100.7,100.8,101,101.1,100,98.8,97.7,98.2,97.6,98.9,99.4,100.3,99.2,98.7,99,97.6,96.5,97,97.1,97.5,99,97.7,99.8,101.6,101.8,102.3,102.4,102.9
E12000005,West Midlands,19.5,19.9,19.9,19.9,20.3,20.2,20.1,20,19.8,20,19.5,19.7,19.3,19.6,19.6,19.6,20.2,20.1,20.3,20.6,20.5,20.5,20.8,20.7,20.6,20.7,21,21.1,21.6,21.7,21.9,22.3,22.1,21.8,22,22.4,22.2,22.2,22.2,22.6,22.9,23.1,23.2,23.5,23.2,23.3,23.2,23.3,23.5,23.2,23.5,23.8,24.1,24.5,24.8,25.2,25.2,25.4,25.5,25.7,25.7,25.8,26,26.8,27.1,27.4,27.7,28.1,28.1,27.9,28.4,28.7,28.6,28.7,29.3,30,30.4,30.6,30.8,31.7,31.7,31.7,32.1,32.5,32.5,32.6,33.6,34.4,35.4,36.5,37.2,38.3,39,39.7,40.6,41.4,42,41.9,43.2,43.8,44.8,45,46,47.3,47,47.8,48.6,49.7,49.4,49.9,50.7,52.1,53.1,54.8,55.9,56.7,56.8,57.2,57.3,57.4,56.4,57,57.1,57.6,58,58.8,59.4,59.8,59.4,59.4,59.8,59.9,59.4,59.9,60,60.5,62.1,61.8,61.8,62.8,63.1,63,63.4,63.7,63.3,63.5,63.8,65.1,65.3,65.4,66,66.7,66.4,66.6,66.1,66.5,65.1,65.3,64.6,64.3,64.9,64.3,62.8,61.9,61.1,59.9,58.3,57.1,56.3,55.7,55.1,55.3,56,56.1,57.8,58.2,58.3,59.1,58.9,59.7,58.9,59.4,59,60,60.2,60.7,60.8,60.6,61.2,60,60,59.8,59,58.1,57.6,58.6,58.6,58.7,58.8,58.8,59.4,58.3,58.7,57.8,58.4,57.8,58.3,58.2,58,59.4,59.3,59.3,59.3,58.6,59.2,59.3,58.4,58.5,58.8,58.9,59.3,60.2,60.5,61,60.3,60.8,61,61.2,61.2,60.9,61.7,62.5,62.7,63.5,63.6,64.6,64.4,64.4,64.3,64.5,63.9,64.6,64.1,65.1,65.5,66.2,66.8,67.6,67.4,67.4,68,68.1,68.3,67.9,68.1,69.6,70.3,71.1,71.2,72,72,71.3,72.1,72.3,71.8,72.3,72.3,73,73.7,74.5,75.3,76.2,75.8,76,75.9,76.7,75.6,76.7,76.5,77,77,78,79,79.2,79.7,79.7,79.1,79.9,78.7,79.4,78.5,78.7,79.3,79.2,79.6,80.6,80.7,80.5,80.5,79.8,80.9,80.1,80.3,78.5,80.6,81,81.9,82.9,83.4,84,84.7,86,85.9,87,87.8,86.5,87.2,92.8,87.4,89.6,92.3,89.2,91.5,92.9,92.9,94,94.8,95.2,96.5,97.1,99.9,100.3,100.9,101.6,100.7,100.7,100,100.3,97,97.4,98.3,98.9,99.9,100.1,100.5,99.5,99,98.5,97.6,98,97.6,98.5,99.9,100.6,101,102.3,103.5,102.6,103.1,102.7
E12000006,East of England,16.5,16.4,16.3,16.4,16.4,16.3,16.6,16.5,16.3,16,16.2,16.1,16,16.1,16,16.2,16.3,16.4,16.6,16.8,16.7,16.7,17,17.1,17.2,17.3,17.4,17.5,17.9,18.2,18.6,18.8,18.9,19.2,19,19.2,19.4,19.4,19.5,19.9,20.2,20.3,20.6,20.7,20.8,20.8,20.7,20.7,20.9,20.9,20.9,21.4,21.6,22,22.4,22.7,23.2,23.3,23.9,24.3,24.5,24.4,25,25.9,26.5,26.6,27.2,27.6,27.8,27.4,27.6,27.9,28.1,28.1,28.5,29,29.6,29.9,30.5,31.4,31.5,31.7,32.1,32.4,32.6,32.9,33.6,34.9,35.7,36.3,37.6,38.6,38.9,39.8,40.8,41.2,42.1,42.1,42.4,43.3,43.5,43.4,44.6,44.8,44.7,45.1,45.3,45.8,46.4,46.5,46.9,48,48.4,49.4,50,50.7,50.9,51,51.1,50.8,50.9,50.4,50.5,50.6,51.4,51.7,52.1,52,52.1,51.8,51.8,52.1,52,52.1,52.5,53.3,53.7,53.8,54.9,55.4,55.4,55.8,56,56.6,56.6,56.8,57.2,57.9,58.5,59.5,60.1,60.5,60.7,60.7,60.9,60.8,60.3,59.8,59.1,58.7,59.3,58.4,58.2,56.1,54.7,53.3,51.8,51.4,51,49.8,48.9,49.6,50.5,50.5,51.8,52.4,53.1,53.1,53.6,53.8,54.6,54.6,54.7,55.5,55.8,55.6,56.6,56.4,56.7,55.7,55.6,55.3,55,54.4,54.8,55,55.1,54.9,55.7,55.9,55.4,55.4,55.7,55.4,55.7,55.3,54.9,56,56.3,56.2,57,57,56.6,56.8,56.6,56.4,56.4,55.9,57,57.1,56.9,57.5,58.5,58.7,58.7,59.2,58.8,60.2,59.8,60.2,60.5,61.7,62.8,63.3,64.4,65.1,65.7,66,65.7,66,66.3,66.6,66.7,67.4,68.3,68.6,70.2,71,71.8,72.2,73.1,73.5,74.1,74.2,75.4,75.4,76.8,77.6,78.6,78.8,79.3,79.2,79.4,80.1,79.9,80.5,80,81.2,81.9,82.3,83.6,83.5,83.7,83.8,83.4,83.9,83.9,83.7,83.2,83.5,83.7,84.1,85.4,85.4,85,85.1,85.2,84.5,83.8,84.2,83.3,83.6,83.9,83.7,84.6,84.4,84.8,84.5,83.9,84.4,83.9,83.9,83.7,84.4,84.3,84.7,84.9,86,87.1,86.8,87.1,88.3,87.5,87.9,88.5,87.7,87.8,91.8,87.9,91,93,91.7,93.7,93.9,94.7,95.7,95.5,96.5,97.6,98.4,100,101,101.2,101,101.4,100.5,100,100.1,98.5,97.3,97,97.5,98.8,98.6,98.3,97.4,96.7,95.7,96.6,95.7,95.2,96,96.2,96.3,97.7,99.1,99.7,99.6,99.4,99.9
E12000007,London,14,13.6,13.9,14,14.1,14.2,14.2,14.2,14.1,13.9,13.9,14.1,14.1,14.3,14.2,14.4,14.5,14.7,14.8,14.8,15,14.9,15,15.3,15.6,15.7,15.9,16.1,16.6,16.7,17.3,17.3,17.7,17.6,17.8,18.2,18.4,18.2,18.6,19,19,19.3,19.6,19.5,19.6,19.5,19.6,19.7,19.8,19.7,20.1,20.6,20.9,21.3,21.9,22.4,23,23.1,23.6,24,24.5,24.9,25.2,26.4,26.4,26.9,27.4,27.6,27.6,27.3,27.7,27.7,28,28.1,28.3,28.7,29.5,29.8,30.2,30.9,30.9,31.2,31.4,31.4,31.9,32,32.4,33.4,34.3,34.9,35.8,36.6,37,37.3,38,38.2,38.8,38.7,38.6,39,39.5,39.2,40.1,39.9,39.9,40.2,40.4,40.7,41,41.2,41.5,42.4,42.6,43.2,43.9,44,43.9,43.6,44,43.2,43.6,43.4,43.4,44.1,44.2,44.2,44.6,44.6,44.4,43.9,44.4,44.7,45,44.8,45.3,46,46.4,47.1,47.6,48.1,48.3,48.6,48.5,49.6,50.2,50.8,51.3,52.3,53,53.6,55.5,55.8,56,56,55.8,55.9,56,55.5,55.1,55.2,55.4,54.4,54.4,52.8,51.8,50.1,48.5,47.6,47.5,46.9,46.4,46,46.9,47.6,48.7,49.1,50.2,50.4,50,50.7,52.5,52.3,52.6,52.9,52.8,53.4,54.9,54.5,54.4,53.7,52.9,53.5,54,53.5,53.8,55.1,53.4,53.6,55.5,55.3,55.4,54.8,54.6,54.8,55.2,54.8,54.5,56.1,57,57.5,57.9,58.1,57.8,58.2,57.9,58.8,58.4,58.8,58.6,60.2,60.4,60.9,62.4,63,63.9,63.8,64.5,66,66.7,67.1,67.8,70.4,71.8,72.6,74.8,75.9,75.7,75.4,75.2,75.6,75.5,75.9,75.9,77,78,78.7,80.9,81.8,82.5,82.6,83.5,84.4,85.8,85.8,87.1,86.5,87.7,87.8,89.2,88.5,88.5,88.3,88.3,88.6,89.2,89.4,89.2,90,90.2,90,91.6,91.3,90.7,90.3,89.3,89.4,90,89.6,88.6,89.5,89.7,90,90.9,89.9,89.4,90,89,88.7,88.2,87.4,87,88.1,86.9,88.2,89.7,88.7,89.5,88.6,87.9,89.9,89.3,89,90.5,89.3,88.7,90,90.7,91.8,92.5,91.2,92.7,92.7,92.7,92,93.6,91.7,91.6,94.3,92.8,95.6,94.9,94.5,95.9,96,96.5,96.5,96.4,97.2,97.1,100.3,100.8,101.8,101.5,100.5,100.8,100.3,100,98.8,97.3,97.6,97.2,97.4,98,98.2,99.1,97.2,96,96.2,96.5,95.7,95.4,95.8,96.7,97.6,97.8,99.9,99.8,96.9,96.4,96.2
E12000008,South East,16.6,16.6,16.7,16.8,16.8,17,16.9,16.9,16.7,16.7,16.7,16.7,16.6,16.6,16.6,16.9,17,17.1,17.4,17.5,17.5,17.4,17.7,17.9,17.9,18.1,18.4,18.7,19.1,19.3,19.7,20.1,20.3,20.5,20.8,20.7,20.8,20.8,21.1,21.6,21.8,22.1,22.3,22.6,22.5,22.6,22.6,22.6,22.7,22.7,22.9,23.3,23.6,24,24.5,25.1,25.8,26,26.3,26.9,27.1,27.2,28,29.1,29.4,30,30.3,30.9,30.7,30.8,30.6,30.9,30.8,31,31.4,32.2,32.5,33.2,33.7,34.2,34.5,34.8,35.2,35.5,35.6,35.5,36.2,36.9,37.9,38.8,39.8,41,41.5,42.2,42.9,43.4,43.9,44,44.4,44.8,45.2,45.6,46.1,46.2,45.8,46.6,46.8,47,47.3,47.6,48,48.5,49.3,50,50.6,51.5,51.4,51.3,51.8,51.4,50.8,51.1,51.1,51.5,51.7,51.8,52.1,52.2,52.3,51.8,52.1,52.2,52.3,52.5,52.7,53.3,54.2,54.5,55,55.4,55.8,55.8,56.3,57,57.3,57.1,57.6,58.6,59.8,60.2,61.3,61.3,61.9,62.1,62,61.6,61.1,60.2,60.4,60,60.3,59.6,59.2,57.3,55.9,54.3,52.8,52.1,50.6,49.8,49.7,50.2,51.1,51.8,52.6,53.7,54.4,54.7,55.1,55,56.6,56.5,56.3,56.7,57.3,57.7,58.4,58.2,58.4,57.5,57.1,56.8,56.3,56.4,56.1,56.7,56.8,57,57.7,57.3,57.5,56.7,57.1,57,56.6,56.8,56.9,58,58.1,58.3,58.9,59.2,59.4,58.4,58.4,58.7,58.5,58.2,58.5,59.2,59.3,60,60.7,60.9,61.1,61.1,61.6,62.1,62.6,62.7,63.2,64.2,65.3,65.9,67,67.9,68.4,68.5,68.3,68.7,68.8,68.8,68.9,69.8,70.5,71.5,72.7,73.6,73.9,74.4,75,75.7,76.3,76.8,78,77.4,78.3,79.3,80.3,80.6,79.9,80,80,80.3,81.3,80.6,80.7,81.5,81.9,82.7,83.4,84,83.8,83.7,83.2,83.3,83.4,83.5,83.1,83.5,83.6,84.4,85,85.2,85,84.3,84,83.4,83.7,83.2,82.4,82.9,82.7,83.4,83.8,83.9,84.1,83.7,83.7,83.5,83.6,82.7,84,84.5,83.4,83.7,84.6,85.6,86.3,86.4,87.5,87.8,87.1,87.1,88.3,87.5,87.8,91.5,87.6,90.5,93.3,91.3,92.9,93.5,95,94.8,95.4,95.6,97,98.2,99.8,100.8,101,101.1,100.6,100.1,100,98.9,98.1,97.9,97.5,97.5,98.5,98.4,97.8,97.5,96.8,94.8,95.2,95.1,94.8,95.4,96.4,96.7,97.6,99.8,99.3,98.9,98.4,98.9
E12000009,South West,17.1,17,16.7,17.1,17.1,17,16.9,17,16.9,16.9,16.8,16.6,16.7,16.6,16.7,17.1,17.1,17.2,17.5,17.6,17.6,17.7,17.9,17.8,18,18.1,18.3,18.6,18.7,18.9,19.2,19.5,19.7,19.7,20,19.8,20,20,20.3,20.7,20.9,20.8,21.5,21.5,21.3,21.3,21.5,21.3,21.7,21.7,22.1,22.3,22.6,23,23.4,23.7,24.4,24.7,24.9,25.4,25.4,25.8,26.3,27.1,27.5,27.9,28.5,28.8,28.9,28.9,28.9,28.7,28.8,29,29.6,30.5,30.8,31.2,32,32.6,33,33.3,33.5,33.6,34,34.2,35.4,36,37.1,38.2,39.5,40.6,41.3,42.2,42.9,43.4,44.2,43.9,44.9,45.4,45.9,46.5,47.2,47.4,47.7,48.3,48.2,49,49.5,49.4,50.4,51.6,52.6,53.8,54.8,55.1,55.7,55.6,55.9,55.4,54.9,55,55.1,55.3,55.6,55.8,56.5,56.3,56.5,56.5,56.4,56.8,56.6,56.3,57.4,57.8,58.4,59.1,59.7,60.4,60.5,61.2,61.6,62,61.7,62.1,63,63.3,64.3,64.8,65.6,66,66.4,66.1,66.1,65.3,64.9,63.6,63.1,63.4,63.5,62.3,61.9,60.7,59.5,58.2,56.1,54.7,54.2,54.1,53.6,53.5,54.4,55.6,56.2,56.8,57.6,57.8,58.1,58.3,58.8,59.1,58.9,59.5,60.1,60.4,60.8,61.3,61.1,60.6,59.9,59.2,59,58.6,58.6,58.8,58.5,59.2,59.7,59.9,59.2,59.3,59,58.5,59.3,59.2,58.7,59.6,59.4,59.9,60.4,60,59.8,59.9,59.8,58.7,59.3,59.1,59.5,60.4,60.2,60.3,60.9,61.4,61.8,61.6,61.7,62,61.9,62.1,62.6,63.7,63.7,63.9,65.3,66.1,66.6,66.2,65.8,66.1,66.5,65.6,66.2,67,67.3,67.9,68.7,69.7,70.1,70,70.7,70.8,70.7,71,72.9,71.1,72.2,73,73.6,73.9,74,73.6,74,73.8,74.6,74.7,74.4,75.1,75.7,76.5,77.7,78.2,77.9,78.4,77.9,77.8,78.9,78.3,78.3,78.1,78.4,78.9,80.2,80.7,80.8,80.2,80.2,80.1,79.5,79.7,79,79,78.9,78.9,80.6,80.7,80.8,80.8,80.1,80,80.4,80,81,80.1,80,81,82.3,82.8,84.2,84.9,85.3,86.3,85.3,85.6,86.9,85.9,85.1,91.2,83.7,88.1,91.9,89.3,91.9,92.3,94.1,94.2,94.4,96.1,97.7,97,100,101.7,101.7,101.5,101.5,100,100,99.3,98.1,98,97.8,97.3,99,99.4,98.6,98.7,97,95.3,96.9,96.4,95.8,97.4,97.5,96.8,98.2,99.4,100.1,101.1,99.2,98.9