Date,5 Year fixed (75% LTV),2 year fixed 75% LTV,Revert to rate
31/01/2025,4.39,4.66,7.33
31/12/2024,4.38,4.64,7.46
30/11/2024,4.31,4.6,7.47
31/10/2024,4.07,4.53,7.56
30/09/2024,4.09,4.4,7.68
31/08/2024,4.33,4.58,7.7
31/07/2024,4.49,4.8,7.86
30/06/2024,4.64,4.99,8.07
31/05/2024,4.66,5.16,8.03
30/04/2024,4.51,5.19,8
31/03/2024,4.53,4.98,8
29/02/2024,4.41,4.96,7.93
31/01/2024,4.43,4.76,7.94
31/12/2023,4.68,4.71,7.94
30/11/2023,4.89,5.03,7.92
31/10/2023,5.02,5.28,8
30/09/2023,5.24,5.6,8.02
31/08/2023,5.53,5.91,7.98
31/07/2023,5.71,6.18,7.91
30/06/2023,4.95,6.22,7.64
31/05/2023,4.28,5.49,7.47
30/04/2023,4.16,4.72,7.38
31/03/2023,4.26,4.6,7.3
28/02/2023,4.36,4.74,7.16
31/01/2023,4.66,4.79,6.97
31/12/2022,5.05,5.14,6.61
30/11/2022,5.5,5.43,6.42
31/10/2022,5.61,5.98,5.87
30/09/2022,3.97,5.99,5.42
31/08/2022,3.61,4.17,5.1
31/07/2022,3.43,3.6,4.88
30/06/2022,2.9,3.48,4.55
31/05/2022,2.62,2.87,4.39
30/04/2022,2.35,2.63,4.26
31/03/2022,2.11,2.35,4.11
28/02/2022,1.79,2.14,3.99
31/01/2022,1.63,1.78,3.84
31/12/2021,1.59,1.64,3.67
30/11/2021,1.52,1.57,3.61
31/10/2021,1.3,1.53,3.59
30/09/2021,1.28,1.29,3.6
31/08/2021,1.39,1.2,3.61
31/07/2021,1.45,1.23,3.61
30/06/2021,1.6,1.29,3.61
31/05/2021,1.68,1.39,3.61
30/04/2021,1.71,1.47,3.61
31/03/2021,1.74,1.49,3.61
28/02/2021,1.8,1.56,3.62
31/01/2021,1.92,1.61,3.62
31/12/2020,2,1.75,3.62
30/11/2020,2.05,1.86,3.62
31/10/2020,2.05,1.92,3.62
30/09/2020,1.92,1.94,3.64
31/08/2020,1.79,1.75,3.65
31/07/2020,1.7,1.6,3.65
30/06/2020,1.69,1.45,3.66
31/05/2020,1.7,1.41,3.65
30/04/2020,1.67,1.42,3.65
31/03/2020,1.66,1.38,3.66
29/02/2020,1.67,1.4,4.1
31/01/2020,1.68,1.4,4.26
31/12/2019,1.67,1.41,4.27
30/11/2019,1.67,1.42,4.27
31/10/2019,1.71,1.41,4.27
30/09/2019,1.79,1.47,4.27
31/08/2019,1.89,1.55,4.29
31/07/2019,1.93,1.59,4.29
30/06/2019,1.97,1.61,4.29
31/05/2019,1.99,1.64,4.29
30/04/2019,2,1.65,4.29
31/03/2019,2.03,1.66,4.31
28/02/2019,2.05,1.7,4.31
31/01/2019,2.05,1.7,4.31
31/12/2018,2.01,1.72,4.48
30/11/2018,2.02,1.73,4.4
31/10/2018,2.06,1.75,4.41
30/09/2018,2.01,1.8,4.45
31/08/2018,2.03,1.71,4.39
31/07/2018,2.04,1.75,4.35
30/06/2018,2.03,1.75,4.1
31/05/2018,2.06,1.74,4.06
30/04/2018,2.01,1.74,4.16
31/03/2018,2.02,1.72,4.17
28/02/2018,1.99,1.53,4.14
31/01/2018,1.98,1.49,4.23
31/12/2017,2.07,1.54,4.21
30/11/2017,2.04,1.57,4.54
31/10/2017,2.04,1.61,4.34
30/09/2017,1.9,1.55,4.31
31/08/2017,1.96,1.4,4.31
31/07/2017,1.97,1.43,4.32
30/06/2017,1.99,1.41,4.51
31/05/2017,2.03,1.48,4.28
30/04/2017,2.09,1.49,4.23
31/03/2017,2.15,1.35,4.54
28/02/2017,2.2,1.37,4.28
31/01/2017,2.22,1.42,4.37
31/12/2016,2.26,1.45,4.49
30/11/2016,2.25,1.45,4.23
31/10/2016,2.27,1.43,4.28
30/09/2016,2.34,1.52,4.24
31/08/2016,2.39,1.59,4.24
31/07/2016,2.51,1.69,4.3
30/06/2016,2.54,1.72,4.55
31/05/2016,2.64,1.75,4.52
30/04/2016,2.71,1.91,4.56
31/03/2016,2.7,1.84,4.64
29/02/2016,2.73,1.9,4.57
31/01/2016,2.68,1.95,4.58
31/12/2015,2.75,1.93,4.56
30/11/2015,2.77,1.9,4.49
31/10/2015,2.78,1.92,4.49
30/09/2015,2.84,1.87,4.54
31/08/2015,2.92,1.91,4.5
31/07/2015,2.83,1.95,4.48
30/06/2015,2.82,1.87,4.5
31/05/2015,2.86,1.83,4.49
30/04/2015,2.92,1.9,4.55
31/03/2015,2.98,1.95,4.53
28/02/2015,3.05,1.99,4.51
31/01/2015,3.09,1.96,4.51
31/12/2014,3.21,2.01,4.56
30/11/2014,3.21,2.08,4.48
31/10/2014,3.27,2.17,4.49
30/09/2014,3.61,2.21,4.53
31/08/2014,3.76,2.46,4.52
31/07/2014,3.78,2.54,4.45
30/06/2014,3.69,2.54,4.45
31/05/2014,3.72,2.6,4.36
30/04/2014,3.69,2.56,4.42
31/03/2014,3.48,2.54,4.43
28/02/2014,3.45,2.37,4.43
31/01/2014,3.34,2.38,4.43
31/12/2013,3.34,2.37,4.41
30/11/2013,3.36,2.4,4.39
31/10/2013,3.37,2.44,4.41
30/09/2013,3.4,2.48,4.37
31/08/2013,3.35,2.54,4.35
31/07/2013,3.39,2.58,4.36
30/06/2013,3.41,2.62,4.37
31/05/2013,3.44,2.63,4.38
30/04/2013,3.61,2.69,4.38
31/03/2013,3.63,2.87,4.35
28/02/2013,3.62,2.9,4.34
31/01/2013,3.71,2.92,4.38
31/12/2012,3.91,3.11,4.38
30/11/2012,3.92,3.35,4.35
31/10/2012,3.96,3.43,4.32
30/09/2012,4.07,3.49,4.32
31/08/2012,4.11,3.67,4.29
31/07/2012,4.18,3.69,4.27
30/06/2012,4.3,3.67,4.24
31/05/2012,4.28,3.74,4.22
30/04/2012,4.29,3.68,4.16
31/03/2012,4.19,3.66,4.1
29/02/2012,4.17,3.44,4.1
31/01/2012,4.18,3.37,4.14
31/12/2011,4.06,3.27,4.18
30/11/2011,4.08,3.22,4.12
31/10/2011,4,3.14,4.13
30/09/2011,3.98,3.04,4.14
31/08/2011,4.51,2.92,4.12
31/07/2011,4.69,3,4.11
30/06/2011,4.9,3.14,4.1
31/05/2011,5.02,3.36,4.05
30/04/2011,5.1,3.51,4
31/03/2011,5.1,3.66,4
28/02/2011,5.15,3.68,4.07
31/01/2011,5.03,3.7,4.07
31/12/2010,4.76,3.7,4.04
30/11/2010,4.73,3.5,3.91
31/10/2010,4.86,3.53,3.91
30/09/2010,5.04,3.68,3.91
31/08/2010,5.07,3.8,3.93
31/07/2010,5.24,3.74,3.94
30/06/2010,5.35,3.77,3.92
31/05/2010,5.38,3.67,3.92
30/04/2010,5.5,3.78,3.94
31/03/2010,5.5,3.82,3.99
28/02/2010,5.5,3.92,4.04
31/01/2010,5.56,3.88,4.05
31/12/2009,5.67,3.97,4.08
30/11/2009,5.71,4.05,3.97
31/10/2009,5.67,4.1,3.98
30/09/2009,5.69,4.32,3.91
31/08/2009,5.72,4.47,3.91
31/07/2009,5.68,4.43,3.93
30/06/2009,5.54,4.42,4.11
31/05/2009,4.93,4.45,3.95
30/04/2009,4.88,3.98,3.83
31/03/2009,4.95,4.02,3.82
28/02/2009,4.97,3.98,4.06
31/01/2009,4.94,4.35,4.38
31/12/2008,5.28,4.35,4.73
30/11/2008,5.47,4.77,5.38
31/10/2008,5.88,5.1,6.34
30/09/2008,5.84,5.83,6.91
31/08/2008,6.09,5.96,6.95
31/07/2008,6.37,6.08,6.93
30/06/2008,6.4,6.35,6.92
31/05/2008,6.11,6.6,6.92
30/04/2008,5.85,6.26,6.95
31/03/2008,5.7,6.06,7.23
29/02/2008,5.68,5.8,7.24
31/01/2008,5.91,5.74,7.5
31/12/2007,5.97,5.97,7.51
30/11/2007,6.02,6.06,7.68
31/10/2007,6.23,6.09,7.72
30/09/2007,6.19,6.11,7.74
31/08/2007,6.28,6.05,7.74
31/07/2007,6.33,6.11,7.69
30/06/2007,6.1,6.07,7.44
31/05/2007,5.82,5.98,7.46
30/04/2007,5.9,5.7,7.23
31/03/2007,5.73,5.62,7.22
28/02/2007,5.73,5.55,7.19
31/01/2007,5.61,5.46,7.2
31/12/2006,5.49,5.32,7.01
30/11/2006,5.48,5.15,6.98
31/10/2006,5.36,5.2,6.7
30/09/2006,5.39,4.99,6.68
31/08/2006,5.4,5.1,6.65
31/07/2006,5.31,5.1,6.4
30/06/2006,5.34,5.01,6.4
31/05/2006,5.36,5,6.4
30/04/2006,5.09,5,6.4
31/03/2006,4.98,4.77,6.41
28/02/2006,4.93,4.72,6.41
31/01/2006,4.92,4.71,6.37
31/12/2005,5,4.62,6.36
30/11/2005,4.98,4.74,6.35
31/10/2005,4.85,4.74,6.35
30/09/2005,4.82,4.54,6.35
31/08/2005,4.85,4.52,6.4
31/07/2005,4.84,4.56,6.58
30/06/2005,4.92,4.59,6.61
31/05/2005,5.05,4.77,6.62
30/04/2005,5.23,4.91,6.62
31/03/2005,5.28,5.16,6.62
28/02/2005,5.25,5.2,6.61
31/01/2005,5.2,5.07,6.61
31/12/2004,5.37,5.07,6.6
30/11/2004,5.49,5.06,6.6
31/10/2004,5.68,5.29,6.61
30/09/2004,5.79,5.33,6.59
31/08/2004,5.84,5.47,6.32
31/07/2004,5.88,5.53,6.32
30/06/2004,5.87,5.52,6.08
31/05/2004,5.57,5.18,5.82
30/04/2004,5.52,5.11,5.81
31/03/2004,5.39,4.9,5.81
29/02/2004,5.38,4.89,5.59
31/01/2004,5.43,4.95,5.59
31/12/2003,5.53,5.05,5.59
30/11/2003,5.54,5.1,5.32
31/10/2003,5.41,4.98,5.3
30/09/2003,5.05,4.56,5.31
31/08/2003,4.81,4.32,5.32
31/07/2003,4.48,3.87,5.5
30/06/2003,4.36,3.85,5.5
31/05/2003,4.64,3.91,5.5
30/04/2003,4.75,4.06,5.51
31/03/2003,4.76,4.06,5.49
28/02/2003,4.74,4.14,5.63
31/01/2003,4.99,4.5,5.64
31/12/2002,5.1,4.62,5.64
30/11/2002,5.01,4.45,5.65
31/10/2002,4.98,4.43,5.66
30/09/2002,5.06,4.5,5.65
31/08/2002,5.27,4.59,5.66
31/07/2002,5.72,5.3,5.66
30/06/2002,5.81,5.41,5.66
31/05/2002,5.87,5.43,5.66
30/04/2002,5.86,5.35,5.65
31/03/2002,5.79,5.22,5.65
28/02/2002,5.69,5.14,5.66
31/01/2002,5.66,5.06,5.66
31/12/2001,5.65,4.98,5.67
30/11/2001,5.49,4.84,6.06
31/10/2001,5.61,5.06,6.32
30/09/2001,5.77,5.39,6.54
31/08/2001,5.91,5.58,6.8
31/07/2001,6.07,5.92,6.81
30/06/2001,5.93,5.72,6.81
31/05/2001,5.78,5.65,7.03
30/04/2001,5.76,5.63,7.3
31/03/2001,5.91,5.68,7.27
28/02/2001,6,5.7,7.56
31/01/2001,6.14,5.78,7.56
31/12/2000,6.2,6.03,7.55
30/11/2000,6.58,6.06,7.59
31/10/2000,6.61,6.05,7.59
30/09/2000,6.7,6.31,7.59
31/08/2000,6.76,6.35,7.63
31/07/2000,6.81,6.37,7.64
30/06/2000,6.87,6.46,7.64
31/05/2000,6.9,6.39,7.64
30/04/2000,6.92,6.31,7.63
31/03/2000,6.94,6.45,7.62
29/02/2000,7.11,6.79,7.38
31/01/2000,7.09,6.78,7.13
31/12/1999,6.92,6.52,7.1
30/11/1999,6.94,6.6,6.87
31/10/1999,6.88,6.5,6.82
30/09/1999,6.67,6.22,6.72
31/08/1999,6.64,6.19,6.72
31/07/1999,6.3,6,6.72
30/06/1999,6.29,5.89,6.73
31/05/1999,5.97,5.72,6.75
30/04/1999,5.89,5.71,6.83
31/03/1999,5.8,5.64,6.85
28/02/1999,5.7,5.78,7.35
31/01/1999,5.9,5.9,7.6
31/12/1998,6.36,6.42,8
30/11/1998,6.51,6.66,8.58
31/10/1998,6.66,6.91,8.85
30/09/1998,6.93,7.27,8.87
31/08/1998,7.04,7.33,8.83
31/07/1998,6.94,7.08,8.8
30/06/1998,6.75,6.94,8.59
31/05/1998,6.83,7.12,8.59
30/04/1998,6.82,7.14,8.59
31/03/1998,7.06,7.02,8.59
28/02/1998,7.15,7.08,8.59
31/01/1998,7.31,7.13,8.56
31/12/1997,7.4,7.13,8.5
30/11/1997,7.33,7.04,8.37
31/10/1997,7.49,7.07,8.36
30/09/1997,7.67,7.06,8.33
31/08/1997,7.9,7.17,8.15
31/07/1997,7.91,7.2,7.86
30/06/1997,7.91,7.14,7.64
31/05/1997,8.02,7.15,7.27
30/04/1997,7.93,7.24,7.22
31/03/1997,7.98,7.11,7.21
28/02/1997,8.22,7.35,7.22
31/01/1997,8.31,7.29,7.18
31/12/1996,8.27,7.24,7.01
30/11/1996,8.02,6.94,6.92
31/10/1996,8.17,6.96,6.92
30/09/1996,8.16,7.06,6.93
31/08/1996,8.28,7.09,6.99
31/07/1996,8.25,7.12,7.15
30/06/1996,8.13,7.06,7.15
31/05/1996,8.18,7.01,7.17
30/04/1996,7.82,6.62,7.3
31/03/1996,7.7,6.49,7.46
29/02/1996,7.66,6.65,7.5
31/01/1996,7.87,6.7,7.72
31/12/1995,8.13,7.99,7.95
30/11/1995,8.14,7.99,7.96
31/10/1995,8.19,7.99,8
30/09/1995,8.57,7.99,8.36
31/08/1995,8.85,7.99,8.36
31/07/1995,8.93,7.89,8.36
30/06/1995,9.01,7.94,8.35
31/05/1995,9.4,8.22,8.36
30/04/1995,9.4,8.29,8.36
31/03/1995,9.33,8.08,8.36
28/02/1995,9.38,8.38,8.33
31/01/1995,9.44,8.13,8.21