LAcode,LA
7000223,Adur
7000032,Amber Valley
7000224,Arun
7000170,Ashfield
7000105,Ashford
7000200,Babergh
9000002,Barking and Dagenham
9000003,Barnet
8000016,Barnsley
7000066,Basildon
7000084,Basingstoke and Deane
7000171,Bassetlaw
6000022,Bath and North East Somerset
6000055,Bedford
9000004,Bexley
8000025,Birmingham
7000129,Blaby
6000008,Blackburn with Darwen
6000009,Blackpool
7000033,Bolsover
8000001,Bolton
7000136,Boston
6000058,"Bournemouth, Christchurch and Poole"
6000036,Bracknell Forest
8000032,Bradford
7000067,Braintree
7000143,Breckland
9000005,Brent
7000068,Brentwood
6000043,Brighton and Hove
6000023,Bristol
7000144,Broadland
9000006,Bromley
7000234,Bromsgrove
7000095,Broxbourne
7000172,Broxtowe
6000060,Buckinghamshire
7000117,Burnley
8000002,Bury
8000033,Calderdale
7000008,Cambridge
9000007,Camden
7000192,Cannock Chase
7000106,Canterbury
7000069,Castle Point
6000056,Central Bedfordshire
7000130,Charnwood
7000070,Chelmsford
7000078,Cheltenham
7000177,Cherwell
6000049,Cheshire East
6000050,Cheshire West and Chester
7000034,Chesterfield
7000225,Chichester
7000118,Chorley
9000001,City London
7000071,Colchester
6000052,Cornwall
7000079,Cotswold
6000047,County Durham
8000026,Coventry
7000226,Crawley
9000008,Croydon
6000063,Cumberland
7000096,Dacorum
6000005,Darlington
7000107,Dartford
6000015,Derby
7000035,Derbyshire Dales
8000017,Doncaster
6000059,Dorset
7000108,Dover
8000027,Dudley
9000009,Ealing
7000009,East Cambridgeshire
7000040,East Devon
7000085,East Hampshire
7000242,East Hertfordshire
7000137,East Lindsey
6000011,East Riding Yorkshire
7000193,East Staffordshire
7000244,East Suffolk
7000061,Eastbourne
7000086,Eastleigh
7000207,Elmbridge
9000010,Enfield
10,England
7000072,Epping Forest
7000208,Epsom and Ewell
7000036,Erewash
7000041,Exeter
7000087,Fareham
7000010,Fenland
7000112,Folkestone and Hythe
7000080,Forest Dean
7000119,Fylde
8000037,Gateshead
7000173,Gedling
7000081,Gloucester
7000088,Gosport
7000109,Gravesham
7000145,Great Yarmouth
9000011,Greenwich
7000209,Guildford
9000012,Hackney
6000006,Halton
9000013,Hammersmith and Fulham
7000131,Harborough
9000014,Haringey
7000073,Harlow
9000015,Harrow
7000089,Hart
6000001,Hartlepool
7000062,Hastings
7000090,Havant
9000016,Havering
6000019,Herefordshire
7000098,Hertsmere
7000037,High Peak
9000017,Hillingdon
7000132,Hinckley and Bosworth
7000227,Horsham
9000018,Hounslow
7000011,Huntingdonshire
7000120,Hyndburn
7000202,Ipswich
6000046,Isle Wight
6000053,Isles Scilly
9000019,Islington
9000020,Kensington and Chelsea
7000146,King's Lynn and West Norfolk
6000010,Kingston upon Hull
9000021,Kingston upon Thames
8000034,Kirklees
8000011,Knowsley
9000022,Lambeth
7000121,Lancaster
8000035,Leeds
6000016,Leicester
7000063,Lewes
9000023,Lewisham
7000194,Lichfield
7000138,Lincoln
8000012,Liverpool
6000032,Luton
7000110,Maidstone
7000074,Maldon
7000235,Malvern Hills
8000003,Manchester
7000174,Mansfield
6000035,Medway
7000133,Melton
9000024,Merton
7000042,Mid Devon
7000203,Mid Suffolk
7000228,Mid Sussex
6000002,Middlesbrough
6000042,Milton Keynes
7000210,Mole Valley
7000091,New Forest
7000175,Newark and Sherwood
8000021,Newcastle upon Tyne
7000195,Newcastle-under-Lyme
9000025,Newham
7000043,North Devon
7000038,North East Derbyshire
6000012,North East Lincolnshire
7000099,North Hertfordshire
7000139,North Kesteven
6000013,North Lincolnshire
7000147,North Norfolk
6000061,North Northamptonshire
6000024,North Somerset
8000022,North Tyneside
7000218,North Warwickshire
7000134,North West Leicestershire
6000065,North Yorkshire
6000057,Northumberland
7000148,Norwich
6000018,Nottingham
7000219,Nuneaton and Bedworth
7000135,Oadby and Wigston
8000004,Oldham
7000178,Oxford
7000122,Pendle
6000031,Peterborough
6000026,Plymouth
6000044,Portsmouth
7000123,Preston
6000038,Reading
9000026,Redbridge
6000003,Redcar and Cleveland
7000236,Redditch
7000211,Reigate and Banstead
7000124,Ribble Valley
9000027,Richmond upon Thames
8000005,Rochdale
7000075,Rochford
7000125,Rossendale
7000064,Rother
8000018,Rotherham
7000220,Rugby
7000212,Runnymede
7000176,Rushcliffe
7000092,Rushmoor
6000017,Rutland
8000006,Salford
8000028,Sandwell
8000014,Sefton
7000111,Sevenoaks
8000019,Sheffield
6000051,Shropshire
6000039,Slough
8000029,Solihull
6000066,Somerset
7000012,South Cambridgeshire
7000039,South Derbyshire
6000025,South Gloucestershire
7000044,South Hams
7000140,South Holland
7000141,South Kesteven
7000149,South Norfolk
7000179,South Oxfordshire
7000126,South Ribble
7000196,South Staffordshire
8000023,South Tyneside
6000045,Southampton
6000033,Southend-on-Sea
9000028,Southwark
7000213,Spelthorne
7000240,St Albans
8000013,St. Helens
7000197,Stafford
7000198,Staffordshire Moorlands
7000243,Stevenage
8000007,Stockport
6000004,Stockton-on-Tees
6000021,Stoke-on-Trent
7000221,Stratford-on-Avon
7000082,Stroud
8000024,Sunderland
7000214,Surrey Heath
9000029,Sutton
7000113,Swale
6000030,Swindon
8000008,Tameside
7000199,Tamworth
7000215,Tandridge
7000045,Teignbridge
6000020,Telford and Wrekin
7000076,Tendring
7000093,Test Valley
7000083,Tewkesbury
7000114,Thanet
7000102,Three Rivers
6000034,Thurrock
7000115,Tonbridge and Malling
6000027,Torbay
7000046,Torridge
9000030,Tower Hamlets
8000009,Trafford
7000116,Tunbridge Wells
7000077,Uttlesford
7000180,Vale White Horse
8000036,Wakefield
8000030,Walsall
9000031,Waltham Forest
9000032,Wandsworth
6000007,Warrington
7000222,Warwick
7000103,Watford
7000216,Waverley
7000065,Wealden
7000241,Welwyn Hatfield
6000037,West Berkshire
7000047,West Devon
7000127,West Lancashire
7000142,West Lindsey
6000062,West Northamptonshire
7000181,West Oxfordshire
7000245,West Suffolk
9000033,Westminster
6000064,Westmorland and Furness
8000010,Wigan
6000054,Wiltshire
7000094,Winchester
6000040,Windsor and Maidenhead
8000015,Wirral
7000217,Woking
6000041,Wokingham
8000031,Wolverhampton
7000237,Worcester
7000229,Worthing
7000238,Wychavon
7000128,Wyre
7000239,Wyre Forest
6000014,York
1,North East
2,North West
3,Yorkshire and the Humber
4,East Midlands
5,West Midlands
6,East of England
7,London
8,South East
9,South West
10,England
