"Name","URI","Region GSS code","Period","Sales volume","Reporting period","Average price All property types","Average price Detached houses","Average price Semi-detached houses","Average price Terraced houses","Average price Flats and maisonettes","Pivotable date"
England,http://landregistry.data.gov.uk/id/region/england,E92000001,1989-01,,quarterly,52725,,,,,1989-01-01
England,http://landregistry.data.gov.uk/id/region/england,E92000001,1989-02,,quarterly,52725,,,,,1989-02-01
England,http://landregistry.data.gov.uk/id/region/england,E92000001,1989-03,,quarterly,52725,,,,,1989-03-01
England,http://landregistry.data.gov.uk/id/region/england,E92000001,1989-04,,quarterly,54307,,,,,1989-04-01
England,http://landregistry.data.gov.uk/id/region/england,E92000001,1989-05,,quarterly,54307,,,,,1989-05-01
England,http://landregistry.data.gov.uk/id/region/england,E92000001,1989-06,,quarterly,54307,,,,,1989-06-01
England,http://landregistry.data.gov.uk/id/region/england,E92000001,1989-07,,quarterly,56416,,,,,1989-07-01
England,http://landregistry.data.gov.uk/id/region/england,E92000001,1989-08,,quarterly,56416,,,,,1989-08-01
England,http://landregistry.data.gov.uk/id/region/england,E92000001,1989-09,,quarterly,56416,,,,,1989-09-01
England,http://landregistry.data.gov.uk/id/region/england,E92000001,1989-10,,quarterly,55098,,,,,1989-10-01
England,http://landregistry.data.gov.uk/id/region/england,E92000001,1989-11,,quarterly,55098,,,,,1989-11-01
England,http://landregistry.data.gov.uk/id/region/england,E92000001,1989-12,,quarterly,55098,,,,,1989-12-01
England,http://landregistry.data.gov.uk/id/region/england,E92000001,1990-01,,quarterly,53894,,,,,1990-01-01
England,http://landregistry.data.gov.uk/id/region/england,E92000001,1990-02,,quarterly,53894,,,,,1990-02-01
England,http://landregistry.data.gov.uk/id/region/england,E92000001,1990-03,,quarterly,53894,,,,,1990-03-01
England,http://landregistry.data.gov.uk/id/region/england,E92000001,1990-04,,quarterly,53358,,,,,1990-04-01
England,http://landregistry.data.gov.uk/id/region/england,E92000001,1990-05,,quarterly,53358,,,,,1990-05-01
England,http://landregistry.data.gov.uk/id/region/england,E92000001,1990-06,,quarterly,53358,,,,,1990-06-01
England,http://landregistry.data.gov.uk/id/region/england,E92000001,1990-07,,quarterly,54109,,,,,1990-07-01
England,http://landregistry.data.gov.uk/id/region/england,E92000001,1990-08,,quarterly,54109,,,,,1990-08-01
England,http://landregistry.data.gov.uk/id/region/england,E92000001,1990-09,,quarterly,54109,,,,,1990-09-01
England,http://landregistry.data.gov.uk/id/region/england,E92000001,1990-10,,quarterly,53090,,,,,1990-10-01
England,http://landregistry.data.gov.uk/id/region/england,E92000001,1990-11,,quarterly,53090,,,,,1990-11-01
England,http://landregistry.data.gov.uk/id/region/england,E92000001,1990-12,,quarterly,53090,,,,,1990-12-01
England,http://landregistry.data.gov.uk/id/region/england,E92000001,1991-01,,quarterly,52125,,,,,1991-01-01
England,http://landregistry.data.gov.uk/id/region/england,E92000001,1991-02,,quarterly,52125,,,,,1991-02-01
England,http://landregistry.data.gov.uk/id/region/england,E92000001,1991-03,,quarterly,52125,,,,,1991-03-01
England,http://landregistry.data.gov.uk/id/region/england,E92000001,1991-04,,quarterly,52178,,,,,1991-04-01
England,http://landregistry.data.gov.uk/id/region/england,E92000001,1991-05,,quarterly,52178,,,,,1991-05-01
England,http://landregistry.data.gov.uk/id/region/england,E92000001,1991-06,,quarterly,52178,,,,,1991-06-01
England,http://landregistry.data.gov.uk/id/region/england,E92000001,1991-07,,quarterly,53197,,,,,1991-07-01
England,http://landregistry.data.gov.uk/id/region/england,E92000001,1991-08,,quarterly,53197,,,,,1991-08-01
England,http://landregistry.data.gov.uk/id/region/england,E92000001,1991-09,,quarterly,53197,,,,,1991-09-01
England,http://landregistry.data.gov.uk/id/region/england,E92000001,1991-10,,quarterly,52339,,,,,1991-10-01
England,http://landregistry.data.gov.uk/id/region/england,E92000001,1991-11,,quarterly,52339,,,,,1991-11-01
England,http://landregistry.data.gov.uk/id/region/england,E92000001,1991-12,,quarterly,52339,,,,,1991-12-01
England,http://landregistry.data.gov.uk/id/region/england,E92000001,1992-01,,quarterly,51374,,,,,1992-01-01
England,http://landregistry.data.gov.uk/id/region/england,E92000001,1992-02,,quarterly,51374,,,,,1992-02-01
England,http://landregistry.data.gov.uk/id/region/england,E92000001,1992-03,,quarterly,51374,,,,,1992-03-01
England,http://landregistry.data.gov.uk/id/region/england,E92000001,1992-04,,quarterly,50033,,,,,1992-04-01
England,http://landregistry.data.gov.uk/id/region/england,E92000001,1992-05,,quarterly,50033,,,,,1992-05-01
England,http://landregistry.data.gov.uk/id/region/england,E92000001,1992-06,,quarterly,50033,,,,,1992-06-01
England,http://landregistry.data.gov.uk/id/region/england,E92000001,1992-07,,quarterly,50180,,,,,1992-07-01
England,http://landregistry.data.gov.uk/id/region/england,E92000001,1992-08,,quarterly,50180,,,,,1992-08-01
England,http://landregistry.data.gov.uk/id/region/england,E92000001,1992-09,,quarterly,50180,,,,,1992-09-01
England,http://landregistry.data.gov.uk/id/region/england,E92000001,1992-10,,quarterly,47975,,,,,1992-10-01
England,http://landregistry.data.gov.uk/id/region/england,E92000001,1992-11,,quarterly,47975,,,,,1992-11-01
England,http://landregistry.data.gov.uk/id/region/england,E92000001,1992-12,,quarterly,47975,,,,,1992-12-01
England,http://landregistry.data.gov.uk/id/region/england,E92000001,1993-01,,quarterly,48465,,,,,1993-01-01
England,http://landregistry.data.gov.uk/id/region/england,E92000001,1993-02,,quarterly,48465,,,,,1993-02-01
England,http://landregistry.data.gov.uk/id/region/england,E92000001,1993-03,,quarterly,48465,,,,,1993-03-01
England,http://landregistry.data.gov.uk/id/region/england,E92000001,1993-04,,quarterly,48612,,,,,1993-04-01
England,http://landregistry.data.gov.uk/id/region/england,E92000001,1993-05,,quarterly,48612,,,,,1993-05-01
England,http://landregistry.data.gov.uk/id/region/england,E92000001,1993-06,,quarterly,48612,,,,,1993-06-01
England,http://landregistry.data.gov.uk/id/region/england,E92000001,1993-07,,quarterly,49641,,,,,1993-07-01
England,http://landregistry.data.gov.uk/id/region/england,E92000001,1993-08,,quarterly,49641,,,,,1993-08-01
England,http://landregistry.data.gov.uk/id/region/england,E92000001,1993-09,,quarterly,49641,,,,,1993-09-01
England,http://landregistry.data.gov.uk/id/region/england,E92000001,1993-10,,quarterly,48906,,,,,1993-10-01
England,http://landregistry.data.gov.uk/id/region/england,E92000001,1993-11,,quarterly,48906,,,,,1993-11-01
England,http://landregistry.data.gov.uk/id/region/england,E92000001,1993-12,,quarterly,48906,,,,,1993-12-01
England,http://landregistry.data.gov.uk/id/region/england,E92000001,1994-01,,quarterly,49543,,,,,1994-01-01
England,http://landregistry.data.gov.uk/id/region/england,E92000001,1994-02,,quarterly,49543,,,,,1994-02-01
England,http://landregistry.data.gov.uk/id/region/england,E92000001,1994-03,,quarterly,49543,,,,,1994-03-01
England,http://landregistry.data.gov.uk/id/region/england,E92000001,1994-04,,quarterly,50082,,,,,1994-04-01
England,http://landregistry.data.gov.uk/id/region/england,E92000001,1994-05,,quarterly,50082,,,,,1994-05-01
England,http://landregistry.data.gov.uk/id/region/england,E92000001,1994-06,,quarterly,50082,,,,,1994-06-01
England,http://landregistry.data.gov.uk/id/region/england,E92000001,1994-07,,quarterly,50719,,,,,1994-07-01
England,http://landregistry.data.gov.uk/id/region/england,E92000001,1994-08,,quarterly,50719,,,,,1994-08-01
England,http://landregistry.data.gov.uk/id/region/england,E92000001,1994-09,,quarterly,50719,,,,,1994-09-01
England,http://landregistry.data.gov.uk/id/region/england,E92000001,1994-10,,quarterly,50670,,,,,1994-10-01
England,http://landregistry.data.gov.uk/id/region/england,E92000001,1994-11,,quarterly,50670,,,,,1994-11-01
England,http://landregistry.data.gov.uk/id/region/england,E92000001,1994-12,,quarterly,50670,,,,,1994-12-01
England,http://landregistry.data.gov.uk/id/region/england,E92000001,1995-01,47639,monthly,50231,86969,49270,38864,40489,1995-01-01
England,http://landregistry.data.gov.uk/id/region/england,E92000001,1995-02,47880,monthly,50130,85521,49741,39037,39659,1995-02-01
England,http://landregistry.data.gov.uk/id/region/england,E92000001,1995-03,67025,monthly,50229,85235,49568,39255,40360,1995-03-01
England,http://landregistry.data.gov.uk/id/region/england,E92000001,1995-04,56925,monthly,50597,86353,49786,39362,41016,1995-04-01
England,http://landregistry.data.gov.uk/id/region/england,E92000001,1995-05,64192,monthly,50679,85960,50102,39464,40974,1995-05-01
England,http://landregistry.data.gov.uk/id/region/england,E92000001,1995-06,72640,monthly,50733,86211,50094,39329,41510,1995-06-01
England,http://landregistry.data.gov.uk/id/region/england,E92000001,1995-07,64242,monthly,50889,87701,50045,39464,40864,1995-07-01
England,http://landregistry.data.gov.uk/id/region/england,E92000001,1995-08,69269,monthly,50606,87279,49841,39233,40445,1995-08-01
England,http://landregistry.data.gov.uk/id/region/england,E92000001,1995-09,67251,monthly,50331,86211,49606,39142,40358,1995-09-01
England,http://landregistry.data.gov.uk/id/region/england,E92000001,1995-10,61264,monthly,49892,86418,49357,38264,40249,1995-10-01
England,http://landregistry.data.gov.uk/id/region/england,E92000001,1995-11,63955,monthly,49839,85998,49236,38292,40463,1995-11-01
England,http://landregistry.data.gov.uk/id/region/england,E92000001,1995-12,69345,monthly,49965,85224,49467,38679,40442,1995-12-01
England,http://landregistry.data.gov.uk/id/region/england,E92000001,1996-01,48694,monthly,49410,85644,48723,37987,39871,1996-01-01
England,http://landregistry.data.gov.uk/id/region/england,E92000001,1996-02,51401,monthly,49601,84984,49124,38250,40227,1996-02-01
England,http://landregistry.data.gov.uk/id/region/england,E92000001,1996-03,68453,monthly,49739,85695,49356,38249,39974,1996-03-01
England,http://landregistry.data.gov.uk/id/region/england,E92000001,1996-04,64277,monthly,50352,86670,49478,38916,41029,1996-04-01
England,http://landregistry.data.gov.uk/id/region/england,E92000001,1996-05,78937,monthly,50815,86845,50043,39542,41038,1996-05-01
England,http://landregistry.data.gov.uk/id/region/england,E92000001,1996-06,75545,monthly,51071,87430,50257,39444,42020,1996-06-01
England,http://landregistry.data.gov.uk/id/region/england,E92000001,1996-07,85339,monthly,51648,89478,50858,39783,41662,1996-07-01
England,http://landregistry.data.gov.uk/id/region/england,E92000001,1996-08,91037,monthly,52028,90546,51131,40143,41598,1996-08-01
England,http://landregistry.data.gov.uk/id/region/england,E92000001,1996-09,80016,monthly,51952,90209,51020,40054,41898,1996-09-01
England,http://landregistry.data.gov.uk/id/region/england,E92000001,1996-10,86311,monthly,51862,90515,51108,39754,41649,1996-10-01
England,http://landregistry.data.gov.uk/id/region/england,E92000001,1996-11,93515,monthly,52396,90615,51523,40440,42351,1996-11-01
England,http://landregistry.data.gov.uk/id/region/england,E92000001,1996-12,86711,monthly,52640,90711,51933,40611,42557,1996-12-01
England,http://landregistry.data.gov.uk/id/region/england,E92000001,1997-01,66743,monthly,52672,91643,51655,40546,42632,1997-01-01
England,http://landregistry.data.gov.uk/id/region/england,E92000001,1997-02,66246,monthly,53060,92264,52017,40675,43441,1997-02-01
England,http://landregistry.data.gov.uk/id/region/england,E92000001,1997-03,76073,monthly,53612,92678,52439,41371,43905,1997-03-01
England,http://landregistry.data.gov.uk/id/region/england,E92000001,1997-04,78611,monthly,54361,94048,53407,41800,44390,1997-04-01
England,http://landregistry.data.gov.uk/id/region/england,E92000001,1997-05,91543,monthly,55230,95303,54292,42537,45087,1997-05-01
England,http://landregistry.data.gov.uk/id/region/england,E92000001,1997-06,95416,monthly,55836,97062,54672,43027,45310,1997-06-01
England,http://landregistry.data.gov.uk/id/region/england,E92000001,1997-07,102709,monthly,56732,98829,55466,43723,45999,1997-07-01
England,http://landregistry.data.gov.uk/id/region/england,E92000001,1997-08,98764,monthly,57356,100338,56137,43972,46608,1997-08-01
England,http://landregistry.data.gov.uk/id/region/england,E92000001,1997-09,89492,monthly,57584,100540,56236,44197,47061,1997-09-01
England,http://landregistry.data.gov.uk/id/region/england,E92000001,1997-10,95932,monthly,57637,100954,56344,44048,47203,1997-10-01
England,http://landregistry.data.gov.uk/id/region/england,E92000001,1997-11,81563,monthly,58063,101738,56749,44308,47705,1997-11-01
England,http://landregistry.data.gov.uk/id/region/england,E92000001,1997-12,87593,monthly,58125,101063,56938,44426,48009,1997-12-01
England,http://landregistry.data.gov.uk/id/region/england,E92000001,1998-01,61036,monthly,58444,102865,56727,44668,48180,1998-01-01
England,http://landregistry.data.gov.uk/id/region/england,E92000001,1998-02,62504,monthly,58214,101090,56802,44376,48808,1998-02-01
England,http://landregistry.data.gov.uk/id/region/england,E92000001,1998-03,76702,monthly,58775,101999,57349,44984,48904,1998-03-01
England,http://landregistry.data.gov.uk/id/region/england,E92000001,1998-04,79866,monthly,60109,104673,58599,45970,49904,1998-04-01
England,http://landregistry.data.gov.uk/id/region/england,E92000001,1998-05,86607,monthly,60687,105141,59093,46664,50325,1998-05-01
England,http://landregistry.data.gov.uk/id/region/england,E92000001,1998-06,91723,monthly,61026,106031,59297,46639,51262,1998-06-01
England,http://landregistry.data.gov.uk/id/region/england,E92000001,1998-07,103581,monthly,61817,108270,60073,47261,51206,1998-07-01
England,http://landregistry.data.gov.uk/id/region/england,E92000001,1998-08,89172,monthly,62071,109074,60181,47392,51526,1998-08-01
England,http://landregistry.data.gov.uk/id/region/england,E92000001,1998-09,85283,monthly,61941,108847,60088,47233,51506,1998-09-01
England,http://landregistry.data.gov.uk/id/region/england,E92000001,1998-10,88339,monthly,61805,108648,60050,46896,51752,1998-10-01
England,http://landregistry.data.gov.uk/id/region/england,E92000001,1998-11,81770,monthly,61713,108595,59985,46693,51871,1998-11-01
England,http://landregistry.data.gov.uk/id/region/england,E92000001,1998-12,84154,monthly,61912,107526,60257,47127,52321,1998-12-01
England,http://landregistry.data.gov.uk/id/region/england,E92000001,1999-01,59989,monthly,62092,109011,60328,47041,52277,1999-01-01
England,http://landregistry.data.gov.uk/id/region/england,E92000001,1999-02,62164,monthly,61861,108280,60113,46845,52367,1999-02-01
England,http://landregistry.data.gov.uk/id/region/england,E92000001,1999-03,83947,monthly,62669,109221,60783,47531,53436,1999-03-01
England,http://landregistry.data.gov.uk/id/region/england,E92000001,1999-04,89255,monthly,63869,110693,61913,48901,53942,1999-04-01
England,http://landregistry.data.gov.uk/id/region/england,E92000001,1999-05,89095,monthly,64580,111963,62562,49303,54907,1999-05-01
England,http://landregistry.data.gov.uk/id/region/england,E92000001,1999-06,100844,monthly,65550,114047,63354,50007,55742,1999-06-01
England,http://landregistry.data.gov.uk/id/region/england,E92000001,1999-07,119652,monthly,66668,116664,64128,50884,56627,1999-07-01
England,http://landregistry.data.gov.uk/id/region/england,E92000001,1999-08,108298,monthly,67694,118228,65024,51650,57868,1999-08-01
England,http://landregistry.data.gov.uk/id/region/england,E92000001,1999-09,102445,monthly,68748,120398,65678,52167,59787,1999-09-01
England,http://landregistry.data.gov.uk/id/region/england,E92000001,1999-10,107395,monthly,69179,121008,66533,52204,60200,1999-10-01
England,http://landregistry.data.gov.uk/id/region/england,E92000001,1999-11,103902,monthly,70087,121955,67223,53190,61103,1999-11-01
England,http://landregistry.data.gov.uk/id/region/england,E92000001,1999-12,102442,monthly,70878,122539,67763,53830,62704,1999-12-01
England,http://landregistry.data.gov.uk/id/region/england,E92000001,2000-01,68031,monthly,71017,124700,68022,53533,62035,2000-01-01
England,http://landregistry.data.gov.uk/id/region/england,E92000001,2000-02,72364,monthly,71405,124198,68056,54020,63300,2000-02-01
England,http://landregistry.data.gov.uk/id/region/england,E92000001,2000-03,96354,monthly,72713,126161,69566,55093,64077,2000-03-01
England,http://landregistry.data.gov.uk/id/region/england,E92000001,2000-04,88707,monthly,75186,129953,71512,56907,67424,2000-04-01
England,http://landregistry.data.gov.uk/id/region/england,E92000001,2000-05,92309,monthly,75859,131515,72464,57209,67709,2000-05-01
England,http://landregistry.data.gov.uk/id/region/england,E92000001,2000-06,105431,monthly,76729,132372,73228,57834,69133,2000-06-01
England,http://landregistry.data.gov.uk/id/region/england,E92000001,2000-07,95400,monthly,77950,137365,74297,58377,69196,2000-07-01
England,http://landregistry.data.gov.uk/id/region/england,E92000001,2000-08,94346,monthly,78839,138506,75151,58716,71032,2000-08-01
England,http://landregistry.data.gov.uk/id/region/england,E92000001,2000-09,88148,monthly,78920,139118,74889,58957,70899,2000-09-01
England,http://landregistry.data.gov.uk/id/region/england,E92000001,2000-10,83099,monthly,78609,138912,75356,58404,69897,2000-10-01
England,http://landregistry.data.gov.uk/id/region/england,E92000001,2000-11,83309,monthly,78879,139391,75006,58505,71349,2000-11-01
England,http://landregistry.data.gov.uk/id/region/england,E92000001,2000-12,90823,monthly,79487,138354,75800,59270,72330,2000-12-01
England,http://landregistry.data.gov.uk/id/region/england,E92000001,2001-01,64870,monthly,79663,139776,75718,59492,71878,2001-01-01
England,http://landregistry.data.gov.uk/id/region/england,E92000001,2001-02,67134,monthly,79539,139069,75754,59401,71857,2001-02-01
England,http://landregistry.data.gov.uk/id/region/england,E92000001,2001-03,90226,monthly,80480,140197,76581,60141,73105,2001-03-01
England,http://landregistry.data.gov.uk/id/region/england,E92000001,2001-04,88556,monthly,82554,144886,78212,61888,74309,2001-04-01
England,http://landregistry.data.gov.uk/id/region/england,E92000001,2001-05,99478,monthly,83763,145259,79544,62837,76245,2001-05-01
England,http://landregistry.data.gov.uk/id/region/england,E92000001,2001-06,113447,monthly,84953,146860,80556,63643,78085,2001-06-01
England,http://landregistry.data.gov.uk/id/region/england,E92000001,2001-07,113200,monthly,86323,151503,81913,64543,77891,2001-07-01
England,http://landregistry.data.gov.uk/id/region/england,E92000001,2001-08,124849,monthly,88117,154359,83235,65915,80287,2001-08-01
England,http://landregistry.data.gov.uk/id/region/england,E92000001,2001-09,98296,monthly,88448,155646,83319,66040,80766,2001-09-01
England,http://landregistry.data.gov.uk/id/region/england,E92000001,2001-10,105633,monthly,88901,156104,84367,66190,80835,2001-10-01
England,http://landregistry.data.gov.uk/id/region/england,E92000001,2001-11,109149,monthly,89771,156918,85252,66743,82283,2001-11-01
England,http://landregistry.data.gov.uk/id/region/england,E92000001,2001-12,93329,monthly,90629,157408,85994,67214,84356,2001-12-01
England,http://landregistry.data.gov.uk/id/region/england,E92000001,2002-01,71678,monthly,90840,159745,86215,67256,83349,2002-01-01
England,http://landregistry.data.gov.uk/id/region/england,E92000001,2002-02,77131,monthly,91276,159383,86167,68096,84071,2002-02-01
England,http://landregistry.data.gov.uk/id/region/england,E92000001,2002-03,102828,monthly,93433,161887,88713,69678,86195,2002-03-01
England,http://landregistry.data.gov.uk/id/region/england,E92000001,2002-04,99638,monthly,95692,166153,90468,71235,89004,2002-04-01
England,http://landregistry.data.gov.uk/id/region/england,E92000001,2002-05,132163,monthly,98623,170105,93668,73679,91189,2002-05-01
England,http://landregistry.data.gov.uk/id/region/england,E92000001,2002-06,104285,monthly,100844,173954,95196,75420,94022,2002-06-01
England,http://landregistry.data.gov.uk/id/region/england,E92000001,2002-07,126475,monthly,103856,181372,98297,77535,95079,2002-07-01
England,http://landregistry.data.gov.uk/id/region/england,E92000001,2002-08,126360,monthly,106529,184968,100962,79622,97860,2002-08-01
England,http://landregistry.data.gov.uk/id/region/england,E92000001,2002-09,104054,monthly,107551,187404,102177,79985,98885,2002-09-01
England,http://landregistry.data.gov.uk/id/region/england,E92000001,2002-10,106125,monthly,109405,191007,104314,81194,100107,2002-10-01
England,http://landregistry.data.gov.uk/id/region/england,E92000001,2002-11,110850,monthly,112062,195706,106314,83343,102955,2002-11-01
England,http://landregistry.data.gov.uk/id/region/england,E92000001,2002-12,102070,monthly,113279,195210,108305,84315,104435,2002-12-01
England,http://landregistry.data.gov.uk/id/region/england,E92000001,2003-01,79926,monthly,114816,200076,108814,85768,105069,2003-01-01
England,http://landregistry.data.gov.uk/id/region/england,E92000001,2003-02,75657,monthly,114952,198587,109903,85691,105288,2003-02-01
England,http://landregistry.data.gov.uk/id/region/england,E92000001,2003-03,80112,monthly,116372,201421,110986,86971,106221,2003-03-01
England,http://landregistry.data.gov.uk/id/region/england,E92000001,2003-04,82897,monthly,119186,205613,114439,89098,107952,2003-04-01
England,http://landregistry.data.gov.uk/id/region/england,E92000001,2003-05,91813,monthly,121131,208603,116506,90978,108621,2003-05-01
England,http://landregistry.data.gov.uk/id/region/england,E92000001,2003-06,94507,monthly,122126,209693,117087,91722,110596,2003-06-01
England,http://landregistry.data.gov.uk/id/region/england,E92000001,2003-07,103522,monthly,124926,214641,120565,94083,111117,2003-07-01
England,http://landregistry.data.gov.uk/id/region/england,E92000001,2003-08,109995,monthly,126416,217090,122022,95477,111844,2003-08-01
England,http://landregistry.data.gov.uk/id/region/england,E92000001,2003-09,106682,monthly,126371,217154,121918,95595,111445,2003-09-01
England,http://landregistry.data.gov.uk/id/region/england,E92000001,2003-10,119798,monthly,128294,219724,123883,97276,112965,2003-10-01
England,http://landregistry.data.gov.uk/id/region/england,E92000001,2003-11,112141,monthly,129514,221499,125461,98138,113774,2003-11-01
England,http://landregistry.data.gov.uk/id/region/england,E92000001,2003-12,116105,monthly,131221,220726,126892,100213,116488,2003-12-01
England,http://landregistry.data.gov.uk/id/region/england,E92000001,2004-01,86697,monthly,131914,225492,127387,100292,115815,2004-01-01
England,http://landregistry.data.gov.uk/id/region/england,E92000001,2004-02,86512,monthly,132447,224000,127956,101258,116421,2004-02-01
England,http://landregistry.data.gov.uk/id/region/england,E92000001,2004-03,100342,monthly,134606,226765,129451,103397,118621,2004-03-01
England,http://landregistry.data.gov.uk/id/region/england,E92000001,2004-04,114092,monthly,139024,230877,134806,107962,120617,2004-04-01
England,http://landregistry.data.gov.uk/id/region/england,E92000001,2004-05,105117,monthly,141728,233553,137004,110554,123586,2004-05-01
England,http://landregistry.data.gov.uk/id/region/england,E92000001,2004-06,118877,monthly,144951,239182,140171,112807,126655,2004-06-01
England,http://landregistry.data.gov.uk/id/region/england,E92000001,2004-07,126778,monthly,147974,244662,144149,115675,126655,2004-07-01
England,http://landregistry.data.gov.uk/id/region/england,E92000001,2004-08,109199,monthly,149891,248431,145390,117138,128830,2004-08-01
England,http://landregistry.data.gov.uk/id/region/england,E92000001,2004-09,93996,monthly,150347,250077,145659,117458,129016,2004-09-01
England,http://landregistry.data.gov.uk/id/region/england,E92000001,2004-10,90273,monthly,150455,249347,146097,117635,129013,2004-10-01
England,http://landregistry.data.gov.uk/id/region/england,E92000001,2004-11,79540,monthly,151373,250433,146568,118432,130431,2004-11-01
England,http://landregistry.data.gov.uk/id/region/england,E92000001,2004-12,80888,monthly,150954,247620,145912,118908,130046,2004-12-01
England,http://landregistry.data.gov.uk/id/region/england,E92000001,2005-01,53464,monthly,149713,247942,144544,117653,128396,2005-01-01
England,http://landregistry.data.gov.uk/id/region/england,E92000001,2005-02,56044,monthly,149748,246470,145412,117479,128544,2005-02-01
England,http://landregistry.data.gov.uk/id/region/england,E92000001,2005-03,67322,monthly,150724,246955,146079,118882,129113,2005-03-01
England,http://landregistry.data.gov.uk/id/region/england,E92000001,2005-04,78958,monthly,152323,247558,147988,120605,130223,2005-04-01
England,http://landregistry.data.gov.uk/id/region/england,E92000001,2005-05,79951,monthly,153954,252070,148914,121837,131592,2005-05-01
England,http://landregistry.data.gov.uk/id/region/england,E92000001,2005-06,92080,monthly,154903,250174,149912,123665,132096,2005-06-01
England,http://landregistry.data.gov.uk/id/region/england,E92000001,2005-07,96925,monthly,156496,254822,152221,124455,132370,2005-07-01
England,http://landregistry.data.gov.uk/id/region/england,E92000001,2005-08,94592,monthly,157142,257284,151739,125134,133249,2005-08-01
England,http://landregistry.data.gov.uk/id/region/england,E92000001,2005-09,96191,monthly,156885,255556,151519,125627,132408,2005-09-01
England,http://landregistry.data.gov.uk/id/region/england,E92000001,2005-10,88571,monthly,156384,254679,151302,124890,132291,2005-10-01
England,http://landregistry.data.gov.uk/id/region/england,E92000001,2005-11,91445,monthly,157012,255414,151804,125464,132961,2005-11-01
England,http://landregistry.data.gov.uk/id/region/england,E92000001,2005-12,102289,monthly,157901,252721,151740,126875,135643,2005-12-01
England,http://landregistry.data.gov.uk/id/region/england,E92000001,2006-01,73019,monthly,157240,255353,151665,126013,133147,2006-01-01
England,http://landregistry.data.gov.uk/id/region/england,E92000001,2006-02,75775,monthly,157572,253611,151726,126360,134746,2006-02-01
England,http://landregistry.data.gov.uk/id/region/england,E92000001,2006-03,99396,monthly,158616,256383,152981,127259,134689,2006-03-01
England,http://landregistry.data.gov.uk/id/region/england,E92000001,2006-04,91305,monthly,161569,259433,156124,130230,136721,2006-04-01
England,http://landregistry.data.gov.uk/id/region/england,E92000001,2006-05,101080,monthly,163051,262746,157219,130846,138860,2006-05-01
England,http://landregistry.data.gov.uk/id/region/england,E92000001,2006-06,120679,monthly,164498,262865,158521,132821,139970,2006-06-01
England,http://landregistry.data.gov.uk/id/region/england,E92000001,2006-07,112469,monthly,166323,267733,160246,134708,139900,2006-07-01
England,http://landregistry.data.gov.uk/id/region/england,E92000001,2006-08,118684,monthly,167681,271110,161524,135395,141160,2006-08-01
England,http://landregistry.data.gov.uk/id/region/england,E92000001,2006-09,113761,monthly,168315,271917,162155,135732,142067,2006-09-01
England,http://landregistry.data.gov.uk/id/region/england,E92000001,2006-10,110764,monthly,168931,272363,162514,136267,143071,2006-10-01
England,http://landregistry.data.gov.uk/id/region/england,E92000001,2006-11,112690,monthly,169678,273928,163642,137002,142829,2006-11-01
England,http://landregistry.data.gov.uk/id/region/england,E92000001,2006-12,119458,monthly,171862,273635,164976,139508,146276,2006-12-01
England,http://landregistry.data.gov.uk/id/region/england,E92000001,2007-01,85121,monthly,171666,276220,164790,138738,145647,2007-01-01
England,http://landregistry.data.gov.uk/id/region/england,E92000001,2007-02,84374,monthly,172207,275473,165042,138579,148051,2007-02-01
England,http://landregistry.data.gov.uk/id/region/england,E92000001,2007-03,103039,monthly,173449,277378,166235,140658,147501,2007-03-01
England,http://landregistry.data.gov.uk/id/region/england,E92000001,2007-04,92543,monthly,176281,280434,168693,143423,150159,2007-04-01
England,http://landregistry.data.gov.uk/id/region/england,E92000001,2007-05,104937,monthly,178266,282696,170190,144485,153552,2007-05-01
England,http://landregistry.data.gov.uk/id/region/england,E92000001,2007-06,120076,monthly,180161,286335,171880,146371,154485,2007-06-01
England,http://landregistry.data.gov.uk/id/region/england,E92000001,2007-07,113560,monthly,182558,292556,173962,148002,156133,2007-07-01
England,http://landregistry.data.gov.uk/id/region/england,E92000001,2007-08,121246,monthly,183472,294443,174886,148935,156371,2007-08-01
England,http://landregistry.data.gov.uk/id/region/england,E92000001,2007-09,95771,monthly,183883,295373,174851,148689,157953,2007-09-01
England,http://landregistry.data.gov.uk/id/region/england,E92000001,2007-10,100053,monthly,183823,295616,174449,148572,158229,2007-10-01
England,http://landregistry.data.gov.uk/id/region/england,E92000001,2007-11,98151,monthly,183636,296101,174863,148061,157606,2007-11-01
England,http://landregistry.data.gov.uk/id/region/england,E92000001,2007-12,79311,monthly,183515,292855,174414,148432,158560,2007-12-01
England,http://landregistry.data.gov.uk/id/region/england,E92000001,2008-01,56189,monthly,181037,291618,171617,145866,156523,2008-01-01
England,http://landregistry.data.gov.uk/id/region/england,E92000001,2008-02,59992,monthly,179448,288354,170782,144593,154739,2008-02-01
England,http://landregistry.data.gov.uk/id/region/england,E92000001,2008-03,56066,monthly,178118,285522,170050,144115,152490,2008-03-01
England,http://landregistry.data.gov.uk/id/region/england,E92000001,2008-04,60459,monthly,178550,287872,169622,144818,152499,2008-04-01
England,http://landregistry.data.gov.uk/id/region/england,E92000001,2008-05,62969,monthly,179175,286843,171039,145040,153485,2008-05-01
England,http://landregistry.data.gov.uk/id/region/england,E92000001,2008-06,57038,monthly,176883,283200,168820,143563,151003,2008-06-01
England,http://landregistry.data.gov.uk/id/region/england,E92000001,2008-07,51095,monthly,175462,283090,167372,141701,149929,2008-07-01
England,http://landregistry.data.gov.uk/id/region/england,E92000001,2008-08,46910,monthly,171355,276910,163454,138370,146243,2008-08-01
England,http://landregistry.data.gov.uk/id/region/england,E92000001,2008-09,40222,monthly,167330,273679,158761,134661,142920,2008-09-01
England,http://landregistry.data.gov.uk/id/region/england,E92000001,2008-10,43079,monthly,163571,265623,155882,131613,139856,2008-10-01
England,http://landregistry.data.gov.uk/id/region/england,E92000001,2008-11,35029,monthly,158831,257386,152073,127885,135182,2008-11-01
England,http://landregistry.data.gov.uk/id/region/england,E92000001,2008-12,38540,monthly,156533,252897,149490,127130,132405,2008-12-01
England,http://landregistry.data.gov.uk/id/region/england,E92000001,2009-01,25782,monthly,153585,251339,145938,123101,131603,2009-01-01
England,http://landregistry.data.gov.uk/id/region/england,E92000001,2009-02,26660,monthly,151964,245436,145145,122110,130830,2009-02-01
England,http://landregistry.data.gov.uk/id/region/england,E92000001,2009-03,34857,monthly,150438,243592,143013,121066,129761,2009-03-01
England,http://landregistry.data.gov.uk/id/region/england,E92000001,2009-04,37585,monthly,151724,244346,145284,122751,129176,2009-04-01
England,http://landregistry.data.gov.uk/id/region/england,E92000001,2009-05,43500,monthly,153648,247515,147065,124225,130994,2009-05-01
England,http://landregistry.data.gov.uk/id/region/england,E92000001,2009-06,51058,monthly,155344,251120,148334,125938,131784,2009-06-01
England,http://landregistry.data.gov.uk/id/region/england,E92000001,2009-07,60332,monthly,158306,256866,151488,128442,133021,2009-07-01
England,http://landregistry.data.gov.uk/id/region/england,E92000001,2009-08,56038,monthly,160128,260147,153411,129867,134172,2009-08-01
England,http://landregistry.data.gov.uk/id/region/england,E92000001,2009-09,56068,monthly,161649,262197,154159,131094,136741,2009-09-01
England,http://landregistry.data.gov.uk/id/region/england,E92000001,2009-10,62974,monthly,162688,264437,155991,131864,136180,2009-10-01
England,http://landregistry.data.gov.uk/id/region/england,E92000001,2009-11,58583,monthly,163163,266207,155778,132691,136135,2009-11-01
England,http://landregistry.data.gov.uk/id/region/england,E92000001,2009-12,75376,monthly,164408,263530,157851,134658,137531,2009-12-01
England,http://landregistry.data.gov.uk/id/region/england,E92000001,2010-01,34383,monthly,164711,271113,157380,133259,136816,2010-01-01
England,http://landregistry.data.gov.uk/id/region/england,E92000001,2010-02,40718,monthly,165457,270730,158759,134014,137349,2010-02-01
England,http://landregistry.data.gov.uk/id/region/england,E92000001,2010-03,49166,monthly,165002,269877,157387,133261,138932,2010-03-01
England,http://landregistry.data.gov.uk/id/region/england,E92000001,2010-04,49802,monthly,166919,272080,160019,135235,139384,2010-04-01
England,http://landregistry.data.gov.uk/id/region/england,E92000001,2010-05,49793,monthly,167823,274662,160365,135956,140130,2010-05-01
England,http://landregistry.data.gov.uk/id/region/england,E92000001,2010-06,59887,monthly,168675,274454,161249,137298,140757,2010-06-01
England,http://landregistry.data.gov.uk/id/region/england,E92000001,2010-07,64635,monthly,170434,280764,162758,138107,141190,2010-07-01
England,http://landregistry.data.gov.uk/id/region/england,E92000001,2010-08,58984,monthly,170706,281202,164032,137711,141046,2010-08-01
England,http://landregistry.data.gov.uk/id/region/england,E92000001,2010-09,55114,monthly,170162,281046,162260,137706,141100,2010-09-01
England,http://landregistry.data.gov.uk/id/region/england,E92000001,2010-10,55948,monthly,168152,277524,160918,135644,139492,2010-10-01
England,http://landregistry.data.gov.uk/id/region/england,E92000001,2010-11,53689,monthly,166452,276044,159396,133533,138268,2010-11-01
England,http://landregistry.data.gov.uk/id/region/england,E92000001,2010-12,54383,monthly,166202,272966,159032,134191,138578,2010-12-01
England,http://landregistry.data.gov.uk/id/region/england,E92000001,2011-01,36005,monthly,164697,273612,156790,132197,137638,2011-01-01
England,http://landregistry.data.gov.uk/id/region/england,E92000001,2011-02,37892,monthly,164101,271913,156115,131732,137734,2011-02-01
England,http://landregistry.data.gov.uk/id/region/england,E92000001,2011-03,44568,monthly,163378,271765,154802,131066,137477,2011-03-01
England,http://landregistry.data.gov.uk/id/region/england,E92000001,2011-04,48605,monthly,165687,272746,157099,133511,140147,2011-04-01
England,http://landregistry.data.gov.uk/id/region/england,E92000001,2011-05,46851,monthly,164910,270732,157280,132564,139215,2011-05-01
England,http://landregistry.data.gov.uk/id/region/england,E92000001,2011-06,55226,monthly,165071,269700,157653,133131,139161,2011-06-01
England,http://landregistry.data.gov.uk/id/region/england,E92000001,2011-07,59692,monthly,167266,274245,158898,134794,141772,2011-07-01
England,http://landregistry.data.gov.uk/id/region/england,E92000001,2011-08,61631,monthly,167428,276562,160092,134772,139322,2011-08-01
England,http://landregistry.data.gov.uk/id/region/england,E92000001,2011-09,60860,monthly,166907,275936,158833,134562,139453,2011-09-01
England,http://landregistry.data.gov.uk/id/region/england,E92000001,2011-10,55412,monthly,165385,274483,158034,132573,137859,2011-10-01
England,http://landregistry.data.gov.uk/id/region/england,E92000001,2011-11,57594,monthly,165412,273203,157867,132278,139569,2011-11-01
England,http://landregistry.data.gov.uk/id/region/england,E92000001,2011-12,60991,monthly,165046,270719,157770,132637,139038,2011-12-01
England,http://landregistry.data.gov.uk/id/region/england,E92000001,2012-01,42125,monthly,164449,270783,157222,132139,137837,2012-01-01
England,http://landregistry.data.gov.uk/id/region/england,E92000001,2012-02,43023,monthly,164432,270783,156936,132669,137246,2012-02-01
England,http://landregistry.data.gov.uk/id/region/england,E92000001,2012-03,58990,monthly,164584,266971,157280,133533,138609,2012-03-01
England,http://landregistry.data.gov.uk/id/region/england,E92000001,2012-04,41395,monthly,166680,273667,158504,133940,141392,2012-04-01
England,http://landregistry.data.gov.uk/id/region/england,E92000001,2012-05,50413,monthly,167136,273077,159053,134659,141929,2012-05-01
England,http://landregistry.data.gov.uk/id/region/england,E92000001,2012-06,57212,monthly,168713,273359,160156,137409,142872,2012-06-01
England,http://landregistry.data.gov.uk/id/region/england,E92000001,2012-07,56838,monthly,169714,277860,161082,137249,143431,2012-07-01
England,http://landregistry.data.gov.uk/id/region/england,E92000001,2012-08,62396,monthly,170066,277565,161797,138072,142889,2012-08-01
England,http://landregistry.data.gov.uk/id/region/england,E92000001,2012-09,50670,monthly,169532,276990,160835,137465,143153,2012-09-01
England,http://landregistry.data.gov.uk/id/region/england,E92000001,2012-10,56410,monthly,168445,274994,160001,136015,143088,2012-10-01
England,http://landregistry.data.gov.uk/id/region/england,E92000001,2012-11,61010,monthly,168681,275488,160418,136606,142263,2012-11-01
England,http://landregistry.data.gov.uk/id/region/england,E92000001,2012-12,54054,monthly,168440,274667,159672,136497,142915,2012-12-01
England,http://landregistry.data.gov.uk/id/region/england,E92000001,2013-01,41530,monthly,166938,272733,159210,134426,141426,2013-01-01
England,http://landregistry.data.gov.uk/id/region/england,E92000001,2013-02,43191,monthly,167304,272795,158809,135213,142257,2013-02-01
England,http://landregistry.data.gov.uk/id/region/england,E92000001,2013-03,52099,monthly,168234,275538,159482,135705,142939,2013-03-01
England,http://landregistry.data.gov.uk/id/region/england,E92000001,2013-04,48744,monthly,169850,276732,160842,137216,145167,2013-04-01
England,http://landregistry.data.gov.uk/id/region/england,E92000001,2013-05,63360,monthly,170531,276572,161777,137895,146007,2013-05-01
England,http://landregistry.data.gov.uk/id/region/england,E92000001,2013-06,63222,monthly,171916,278171,162916,139678,146758,2013-06-01
England,http://landregistry.data.gov.uk/id/region/england,E92000001,2013-07,70536,monthly,173979,282335,164498,140909,149199,2013-07-01
England,http://landregistry.data.gov.uk/id/region/england,E92000001,2013-08,76183,monthly,175271,284315,166254,141980,149632,2013-08-01
England,http://landregistry.data.gov.uk/id/region/england,E92000001,2013-09,67217,monthly,175686,286182,165580,142014,151104,2013-09-01
England,http://landregistry.data.gov.uk/id/region/england,E92000001,2013-10,75111,monthly,175003,286115,165457,140529,150683,2013-10-01
England,http://landregistry.data.gov.uk/id/region/england,E92000001,2013-11,81041,monthly,175855,284877,166624,141746,151827,2013-11-01
England,http://landregistry.data.gov.uk/id/region/england,E92000001,2013-12,77833,monthly,178011,285757,168298,143746,155549,2013-12-01
England,http://landregistry.data.gov.uk/id/region/england,E92000001,2014-01,64587,monthly,177748,288002,167351,143014,155299,2014-01-01
England,http://landregistry.data.gov.uk/id/region/england,E92000001,2014-02,64181,monthly,178769,289351,168699,143879,155853,2014-02-01
England,http://landregistry.data.gov.uk/id/region/england,E92000001,2014-03,66594,monthly,179421,288375,169348,144632,157284,2014-03-01
England,http://landregistry.data.gov.uk/id/region/england,E92000001,2014-04,69314,monthly,183399,294826,172602,148206,160756,2014-04-01
England,http://landregistry.data.gov.uk/id/region/england,E92000001,2014-05,76211,monthly,185212,295910,174209,149769,163461,2014-05-01
England,http://landregistry.data.gov.uk/id/region/england,E92000001,2014-06,79628,monthly,186892,298239,176035,151078,164951,2014-06-01
England,http://landregistry.data.gov.uk/id/region/england,E92000001,2014-07,83160,monthly,189606,303604,178042,153511,166978,2014-07-01
England,http://landregistry.data.gov.uk/id/region/england,E92000001,2014-08,86320,monthly,192042,307849,180390,155318,169092,2014-08-01
England,http://landregistry.data.gov.uk/id/region/england,E92000001,2014-09,77547,monthly,192263,308072,180087,155377,170172,2014-09-01
England,http://landregistry.data.gov.uk/id/region/england,E92000001,2014-10,84927,monthly,191952,308358,180181,154564,169826,2014-10-01
England,http://landregistry.data.gov.uk/id/region/england,E92000001,2014-11,72004,monthly,191380,307671,179950,153966,169020,2014-11-01
England,http://landregistry.data.gov.uk/id/region/england,E92000001,2014-12,76741,monthly,191986,307956,180004,154520,170505,2014-12-01
England,http://landregistry.data.gov.uk/id/region/england,E92000001,2015-01,56362,monthly,191523,307769,179578,153738,170386,2015-01-01
England,http://landregistry.data.gov.uk/id/region/england,E92000001,2015-02,57669,monthly,192060,308534,179769,154331,171054,2015-02-01
England,http://landregistry.data.gov.uk/id/region/england,E92000001,2015-03,65281,monthly,191999,309490,180124,153594,170945,2015-03-01
England,http://landregistry.data.gov.uk/id/region/england,E92000001,2015-04,62391,monthly,194432,312716,182160,156454,172321,2015-04-01
England,http://landregistry.data.gov.uk/id/region/england,E92000001,2015-05,72232,monthly,196630,314423,184653,158075,175200,2015-05-01
England,http://landregistry.data.gov.uk/id/region/england,E92000001,2015-06,81857,monthly,198149,316869,186194,160192,174861,2015-06-01
England,http://landregistry.data.gov.uk/id/region/england,E92000001,2015-07,89783,monthly,201590,322464,189149,162451,179084,2015-07-01
England,http://landregistry.data.gov.uk/id/region/england,E92000001,2015-08,81957,monthly,203703,326502,191009,164121,180730,2015-08-01
England,http://landregistry.data.gov.uk/id/region/england,E92000001,2015-09,80192,monthly,204263,329432,190699,164044,181848,2015-09-01
England,http://landregistry.data.gov.uk/id/region/england,E92000001,2015-10,88132,monthly,204572,328873,191838,164596,181208,2015-10-01
England,http://landregistry.data.gov.uk/id/region/england,E92000001,2015-11,78861,monthly,206293,331452,193339,165709,183477,2015-11-01
England,http://landregistry.data.gov.uk/id/region/england,E92000001,2015-12,80366,monthly,207315,333524,194114,166492,184399,2015-12-01
England,http://landregistry.data.gov.uk/id/region/england,E92000001,2016-01,59992,monthly,208050,332864,195412,166688,186191,2016-01-01
England,http://landregistry.data.gov.uk/id/region/england,E92000001,2016-02,65124,monthly,208301,333782,195109,167308,186038,2016-02-01
England,http://landregistry.data.gov.uk/id/region/england,E92000001,2016-03,119302,monthly,210224,338520,195357,168242,189727,2016-03-01
England,http://landregistry.data.gov.uk/id/region/england,E92000001,2016-04,52590,monthly,211282,336647,198191,170403,188414,2016-04-01
England,http://landregistry.data.gov.uk/id/region/england,E92000001,2016-05,60179,monthly,213723,337877,199826,172479,193097,2016-05-01
England,http://landregistry.data.gov.uk/id/region/england,E92000001,2016-06,74259,monthly,215668,344765,201499,173736,192959,2016-06-01
England,http://landregistry.data.gov.uk/id/region/england,E92000001,2016-07,77919,monthly,217970,346861,203961,175972,195037,2016-07-01
England,http://landregistry.data.gov.uk/id/region/england,E92000001,2016-08,79655,monthly,218261,348250,204203,175862,195296,2016-08-01
England,http://landregistry.data.gov.uk/id/region/england,E92000001,2016-09,76114,monthly,217952,349443,204100,174855,194941,2016-09-01
England,http://landregistry.data.gov.uk/id/region/england,E92000001,2016-10,70825,monthly,217098,348843,203321,173157,195400,2016-10-01
England,http://landregistry.data.gov.uk/id/region/england,E92000001,2016-11,74097,monthly,218146,352325,204013,173700,196009,2016-11-01
England,http://landregistry.data.gov.uk/id/region/england,E92000001,2016-12,79605,monthly,218965,352059,204484,175042,197005,2016-12-01
England,http://landregistry.data.gov.uk/id/region/england,E92000001,2017-01,57498,monthly,218655,352386,204228,174227,197113,2017-01-01
England,http://landregistry.data.gov.uk/id/region/england,E92000001,2017-02,60662,monthly,219696,352220,204211,175143,200456,2017-02-01
England,http://landregistry.data.gov.uk/id/region/england,E92000001,2017-03,74386,monthly,218812,352734,204165,174020,198038,2017-03-01
England,http://landregistry.data.gov.uk/id/region/england,E92000001,2017-04,62318,monthly,221891,356915,206977,176905,200682,2017-04-01
England,http://landregistry.data.gov.uk/id/region/england,E92000001,2017-05,69176,monthly,223502,356142,209302,177997,203630,2017-05-01
England,http://landregistry.data.gov.uk/id/region/england,E92000001,2017-06,84327,monthly,225265,359930,210444,180235,203834,2017-06-01
England,http://landregistry.data.gov.uk/id/region/england,E92000001,2017-07,76993,monthly,227919,364235,213123,182095,206375,2017-07-01
England,http://landregistry.data.gov.uk/id/region/england,E92000001,2017-08,82670,monthly,229074,365842,214025,183890,206339,2017-08-01
England,http://landregistry.data.gov.uk/id/region/england,E92000001,2017-09,78082,monthly,228519,367999,213685,182792,204684,2017-09-01
England,http://landregistry.data.gov.uk/id/region/england,E92000001,2017-10,77047,monthly,228484,368241,214652,182288,203946,2017-10-01
England,http://landregistry.data.gov.uk/id/region/england,E92000001,2017-11,76788,monthly,227618,365819,213913,181772,203455,2017-11-01
England,http://landregistry.data.gov.uk/id/region/england,E92000001,2017-12,76522,monthly,228837,367660,215215,183374,203373,2017-12-01
England,http://landregistry.data.gov.uk/id/region/england,E92000001,2018-01,57138,monthly,227594,366820,213943,181213,203591,2018-01-01
England,http://landregistry.data.gov.uk/id/region/england,E92000001,2018-02,58494,monthly,228471,369533,214390,182332,203310,2018-02-01
England,http://landregistry.data.gov.uk/id/region/england,E92000001,2018-03,68184,monthly,226996,366711,213582,181766,200559,2018-03-01
England,http://landregistry.data.gov.uk/id/region/england,E92000001,2018-04,58939,monthly,228855,368720,215840,183840,201283,2018-04-01
England,http://landregistry.data.gov.uk/id/region/england,E92000001,2018-05,67590,monthly,229845,370798,216804,184571,201888,2018-05-01
England,http://landregistry.data.gov.uk/id/region/england,E92000001,2018-06,79056,monthly,231277,372251,218820,185244,203599,2018-06-01
England,http://landregistry.data.gov.uk/id/region/england,E92000001,2018-07,73910,monthly,234127,379238,220934,187836,204758,2018-07-01
England,http://landregistry.data.gov.uk/id/region/england,E92000001,2018-08,84466,monthly,234731,379416,221802,188720,204811,2018-08-01
England,http://landregistry.data.gov.uk/id/region/england,E92000001,2018-09,68839,monthly,234380,380478,221773,187986,203712,2018-09-01
England,http://landregistry.data.gov.uk/id/region/england,E92000001,2018-10,76864,monthly,233916,379426,221334,187211,204135,2018-10-01
England,http://landregistry.data.gov.uk/id/region/england,E92000001,2018-11,81610,monthly,233144,378994,220828,186976,202023,2018-11-01
England,http://landregistry.data.gov.uk/id/region/england,E92000001,2018-12,69841,monthly,232616,376021,220604,186192,203187,2018-12-01
England,http://landregistry.data.gov.uk/id/region/england,E92000001,2019-01,54134,monthly,230974,377400,218960,184021,200488,2019-01-01
England,http://landregistry.data.gov.uk/id/region/england,E92000001,2019-02,57330,monthly,230772,376130,218591,184355,200402,2019-02-01
England,http://landregistry.data.gov.uk/id/region/england,E92000001,2019-03,65206,monthly,229408,372486,218261,183556,198381,2019-03-01
England,http://landregistry.data.gov.uk/id/region/england,E92000001,2019-04,60107,monthly,230994,373928,219323,185785,199597,2019-04-01
England,http://landregistry.data.gov.uk/id/region/england,E92000001,2019-05,66812,monthly,231245,373877,220090,186490,198571,2019-05-01
England,http://landregistry.data.gov.uk/id/region/england,E92000001,2019-06,69001,monthly,232112,374919,220933,186563,200570,2019-06-01
England,http://landregistry.data.gov.uk/id/region/england,E92000001,2019-07,73613,monthly,234587,378729,222480,188854,203489,2019-07-01
England,http://landregistry.data.gov.uk/id/region/england,E92000001,2019-08,78838,monthly,235298,381650,223495,190349,200867,2019-08-01
England,http://landregistry.data.gov.uk/id/region/england,E92000001,2019-09,69020,monthly,235691,380982,223084,190293,203830,2019-09-01
England,http://landregistry.data.gov.uk/id/region/england,E92000001,2019-10,74620,monthly,234940,379988,224653,188745,201374,2019-10-01
England,http://landregistry.data.gov.uk/id/region/england,E92000001,2019-11,76702,monthly,234020,380155,223730,188307,198997,2019-11-01
England,http://landregistry.data.gov.uk/id/region/england,E92000001,2019-12,70541,monthly,234237,378200,222970,188961,201360,2019-12-01
England,http://landregistry.data.gov.uk/id/region/england,E92000001,2020-01,56603,monthly,234049,379278,223383,188112,200542,2020-01-01
England,http://landregistry.data.gov.uk/id/region/england,E92000001,2020-02,56568,monthly,232955,378175,222084,188050,198111,2020-02-01
England,http://landregistry.data.gov.uk/id/region/england,E92000001,2020-03,57626,monthly,235204,381424,223902,189218,201893,2020-03-01
England,http://landregistry.data.gov.uk/id/region/england,E92000001,2020-04,23673,monthly,232657,380360,221522,187480,196842,2020-04-01
England,http://landregistry.data.gov.uk/id/region/england,E92000001,2020-05,30798,monthly,233673,379564,223472,187588,199258,2020-05-01
England,http://landregistry.data.gov.uk/id/region/england,E92000001,2020-06,46664,monthly,236731,381630,226560,191964,200593,2020-06-01
England,http://landregistry.data.gov.uk/id/region/england,E92000001,2020-07,54524,monthly,239080,386939,228366,193150,203285,2020-07-01
England,http://landregistry.data.gov.uk/id/region/england,E92000001,2020-08,56476,monthly,241511,393170,231397,195125,202602,2020-08-01
England,http://landregistry.data.gov.uk/id/region/england,E92000001,2020-09,62864,monthly,243733,397653,232610,197172,204750,2020-09-01
England,http://landregistry.data.gov.uk/id/region/england,E92000001,2020-10,77907,monthly,245090,400900,234285,198822,203687,2020-10-01
England,http://landregistry.data.gov.uk/id/region/england,E92000001,2020-11,76747,monthly,247749,404089,236609,201342,206467,2020-11-01
England,http://landregistry.data.gov.uk/id/region/england,E92000001,2020-12,85705,monthly,250168,408273,238974,203750,207515,2020-12-01
England,http://landregistry.data.gov.uk/id/region/england,E92000001,2021-01,70906,monthly,249890,400408,239206,203782,211598,2021-01-01
England,http://landregistry.data.gov.uk/id/region/england,E92000001,2021-02,90060,monthly,251309,401761,240266,205709,212678,2021-02-01
England,http://landregistry.data.gov.uk/id/region/england,E92000001,2021-03,128525,monthly,254407,405272,242416,208532,217216,2021-03-01
England,http://landregistry.data.gov.uk/id/region/england,E92000001,2021-04,82173,monthly,250703,402224,239276,205073,211892,2021-04-01
England,http://landregistry.data.gov.uk/id/region/england,E92000001,2021-05,71336,monthly,251203,403410,240217,205640,211031,2021-05-01
England,http://landregistry.data.gov.uk/id/region/england,E92000001,2021-06,162673,monthly,266129,423149,253590,221100,222854,2021-06-01
England,http://landregistry.data.gov.uk/id/region/england,E92000001,2021-07,52302,monthly,250545,401849,240259,203681,212284,2021-07-01
England,http://landregistry.data.gov.uk/id/region/england,E92000001,2021-08,71786,monthly,259193,418989,248799,211410,215477,2021-08-01
England,http://landregistry.data.gov.uk/id/region/england,E92000001,2021-09,125654,monthly,268041,429424,257076,221283,221733,2021-09-01
England,http://landregistry.data.gov.uk/id/region/england,E92000001,2021-10,53907,monthly,259748,427308,248864,210086,213941,2021-10-01
England,http://landregistry.data.gov.uk/id/region/england,E92000001,2021-11,68044,monthly,265662,433974,255257,215507,218984,2021-11-01
England,http://landregistry.data.gov.uk/id/region/england,E92000001,2021-12,76166,monthly,267793,435507,256409,219333,220057,2021-12-01
England,http://landregistry.data.gov.uk/id/region/england,E92000001,2022-01,57602,monthly,270231,440325,260243,220353,220816,2022-01-01
England,http://landregistry.data.gov.uk/id/region/england,E92000001,2022-02,66048,monthly,271265,440554,261063,221012,223575,2022-02-01
England,http://landregistry.data.gov.uk/id/region/england,E92000001,2022-03,75440,monthly,272225,443574,262521,221995,221848,2022-03-01
England,http://landregistry.data.gov.uk/id/region/england,E92000001,2022-04,68234,monthly,274812,446355,264279,225518,223782,2022-04-01
England,http://landregistry.data.gov.uk/id/region/england,E92000001,2022-05,68223,monthly,278084,451774,268689,227975,224775,2022-05-01
England,http://landregistry.data.gov.uk/id/region/england,E92000001,2022-06,71809,monthly,281116,454481,270777,231086,229363,2022-06-01
England,http://landregistry.data.gov.uk/id/region/england,E92000001,2022-07,76486,monthly,286526,464170,277134,236066,230175,2022-07-01
England,http://landregistry.data.gov.uk/id/region/england,E92000001,2022-08,79111,monthly,289294,469648,279162,238656,231993,2022-08-01
England,http://landregistry.data.gov.uk/id/region/england,E92000001,2022-09,79500,monthly,290185,471688,280183,239221,232246,2022-09-01
England,http://landregistry.data.gov.uk/id/region/england,E92000001,2022-10,75912,monthly,289993,472656,280457,238548,231198,2022-10-01
England,http://landregistry.data.gov.uk/id/region/england,E92000001,2022-11,77523,monthly,290003,472872,280268,238679,231126,2022-11-01
England,http://landregistry.data.gov.uk/id/region/england,E92000001,2022-12,73294,monthly,288198,467249,278693,237528,231131,2022-12-01
England,http://landregistry.data.gov.uk/id/region/england,E92000001,2023-01,50359,monthly,285817,467600,277270,233635,227710,2023-01-01
England,http://landregistry.data.gov.uk/id/region/england,E92000001,2023-02,49837,monthly,283907,465415,274381,231919,227156,2023-02-01
England,http://landregistry.data.gov.uk/id/region/england,E92000001,2023-03,57529,monthly,279592,459530,271043,226740,224532,2023-03-01
England,http://landregistry.data.gov.uk/id/region/england,E92000001,2023-04,41002,monthly,280054,460107,271653,227857,223661,2023-04-01
England,http://landregistry.data.gov.uk/id/region/england,E92000001,2023-05,44542,monthly,279846,455673,270926,228654,225056,2023-05-01
England,http://landregistry.data.gov.uk/id/region/england,E92000001,2023-06,56427,monthly,281585,458786,272458,231470,224336,2023-06-01
England,http://landregistry.data.gov.uk/id/region/england,E92000001,2023-07,52068,monthly,284246,463694,276703,233269,224668,2023-07-01
England,http://landregistry.data.gov.uk/id/region/england,E92000001,2023-08,59192,monthly,285690,466110,277288,235562,225104,2023-08-01
England,http://landregistry.data.gov.uk/id/region/england,E92000001,2023-09,57425,monthly,284428,462036,275580,234384,226078,2023-09-01
England,http://landregistry.data.gov.uk/id/region/england,E92000001,2023-10,55937,monthly,283147,459317,275012,232662,225619,2023-10-01
England,http://landregistry.data.gov.uk/id/region/england,E92000001,2023-11,54315,monthly,281026,459453,273485,230033,222539,2023-11-01
England,http://landregistry.data.gov.uk/id/region/england,E92000001,2023-12,51916,monthly,278664,451021,270882,229359,221793,2023-12-01
England,http://landregistry.data.gov.uk/id/region/england,E92000001,2024-01,40728,monthly,278107,452545,270124,228650,220574,2024-01-01
England,http://landregistry.data.gov.uk/id/region/england,E92000001,2024-02,44757,monthly,277557,448378,270647,228836,219836,2024-02-01
England,http://landregistry.data.gov.uk/id/region/england,E92000001,2024-03,50144,monthly,277243,448969,269568,228170,220522,2024-03-01
England,http://landregistry.data.gov.uk/id/region/england,E92000001,2024-04,44312,monthly,278824,449979,271828,230112,220839,2024-04-01
England,http://landregistry.data.gov.uk/id/region/england,E92000001,2024-05,51297,monthly,281869,454517,275165,232795,222752,2024-05-01
England,http://landregistry.data.gov.uk/id/region/england,E92000001,2024-06,45365,monthly,282942,453903,275615,234977,223891,2024-06-01
England,http://landregistry.data.gov.uk/id/region/england,E92000001,2024-07,50629,monthly,285379,459744,279380,237158,222603,2024-07-01
England,http://landregistry.data.gov.uk/id/region/england,E92000001,2024-08,50435,monthly,290691,469382,283783,241305,227493,2024-08-01
England,http://landregistry.data.gov.uk/id/region/england,E92000001,2024-09,41291,monthly,291565,474396,285195,240555,227454,2024-09-01
England,http://landregistry.data.gov.uk/id/region/england,E92000001,2024-10,46318,monthly,290484,468734,283742,240485,228284,2024-10-01
England,http://landregistry.data.gov.uk/id/region/england,E92000001,2024-11,,monthly,290587,467967,285724,240446,226733,2024-11-01
England,http://landregistry.data.gov.uk/id/region/england,E92000001,2024-12,,monthly,290564,472142,285523,239827,225257,2024-12-01
