Date,HPI
01/01/1995,17.6
01/02/1995,17.5
01/03/1995,17.6
01/04/1995,17.7
01/05/1995,17.7
01/06/1995,17.8
01/07/1995,17.8
01/08/1995,17.7
01/09/1995,17.6
01/10/1995,17.5
01/11/1995,17.4
01/12/1995,17.5
01/01/1996,17.3
01/02/1996,17.4
01/03/1996,17.4
01/04/1996,17.6
01/05/1996,17.8
01/06/1996,17.9
01/07/1996,18.1
01/08/1996,18.2
01/09/1996,18.2
01/10/1996,18.1
01/11/1996,18.3
01/12/1996,18.4
01/01/1997,18.4
01/02/1997,18.6
01/03/1997,18.8
01/04/1997,19
01/05/1997,19.3
01/06/1997,19.5
01/07/1997,19.8
01/08/1997,20.1
01/09/1997,20.1
01/10/1997,20.2
01/11/1997,20.3
01/12/1997,20.3
01/01/1998,20.4
01/02/1998,20.4
01/03/1998,20.6
01/04/1998,21
01/05/1998,21.2
01/06/1998,21.4
01/07/1998,21.6
01/08/1998,21.7
01/09/1998,21.7
01/10/1998,21.6
01/11/1998,21.6
01/12/1998,21.7
01/01/1999,21.7
01/02/1999,21.6
01/03/1999,21.9
01/04/1999,22.3
01/05/1999,22.6
01/06/1999,22.9
01/07/1999,23.3
01/08/1999,23.7
01/09/1999,24.1
01/10/1999,24.2
01/11/1999,24.5
01/12/1999,24.8
01/01/2000,24.8
01/02/2000,25
01/03/2000,25.4
01/04/2000,26.3
01/05/2000,26.5
01/06/2000,26.8
01/07/2000,27.3
01/08/2000,27.6
01/09/2000,27.6
01/10/2000,27.5
01/11/2000,27.6
01/12/2000,27.8
01/01/2001,27.9
01/02/2001,27.8
01/03/2001,28.2
01/04/2001,28.9
01/05/2001,29.3
01/06/2001,29.7
01/07/2001,30.2
01/08/2001,30.8
01/09/2001,30.9
01/10/2001,31.1
01/11/2001,31.4
01/12/2001,31.7
01/01/2002,31.8
01/02/2002,31.9
01/03/2002,32.7
01/04/2002,33.5
01/05/2002,34.5
01/06/2002,35.3
01/07/2002,36.3
01/08/2002,37.3
01/09/2002,37.6
01/10/2002,38.3
01/11/2002,39.2
01/12/2002,39.6
01/01/2003,40.2
01/02/2003,40.2
01/03/2003,40.7
01/04/2003,41.7
01/05/2003,42.4
01/06/2003,42.7
01/07/2003,43.7
01/08/2003,44.2
01/09/2003,44.2
01/10/2003,44.9
01/11/2003,45.3
01/12/2003,45.9
01/01/2004,46.2
01/02/2004,46.3
01/03/2004,47.1
01/04/2004,48.6
01/05/2004,49.6
01/06/2004,50.7
01/07/2004,51.8
01/08/2004,52.4
01/09/2004,52.6
01/10/2004,52.6
01/11/2004,53
01/12/2004,52.8
01/01/2005,52.4
01/02/2005,52.4
01/03/2005,52.7
01/04/2005,53.3
01/05/2005,53.9
01/06/2005,54.2
01/07/2005,54.8
01/08/2005,55
01/09/2005,54.9
01/10/2005,54.7
01/11/2005,54.9
01/12/2005,55.2
01/01/2006,55
01/02/2006,55.1
01/03/2006,55.5
01/04/2006,56.5
01/05/2006,57
01/06/2006,57.6
01/07/2006,58.2
01/08/2006,58.7
01/09/2006,58.9
01/10/2006,59.1
01/11/2006,59.4
01/12/2006,60.1
01/01/2007,60.1
01/02/2007,60.3
01/03/2007,60.7
01/04/2007,61.7
01/05/2007,62.4
01/06/2007,63
01/07/2007,63.9
01/08/2007,64.2
01/09/2007,64.3
01/10/2007,64.3
01/11/2007,64.2
01/12/2007,64.2
01/01/2008,63.3
01/02/2008,62.8
01/03/2008,62.3
01/04/2008,62.5
01/05/2008,62.7
01/06/2008,61.9
01/07/2008,61.4
01/08/2008,60
01/09/2008,58.5
01/10/2008,57.2
01/11/2008,55.6
01/12/2008,54.8
01/01/2009,53.7
01/02/2009,53.2
01/03/2009,52.6
01/04/2009,53.1
01/05/2009,53.8
01/06/2009,54.4
01/07/2009,55.4
01/08/2009,56
01/09/2009,56.6
01/10/2009,56.9
01/11/2009,57.1
01/12/2009,57.5
01/01/2010,57.6
01/02/2010,57.9
01/03/2010,57.7
01/04/2010,58.4
01/05/2010,58.7
01/06/2010,59
01/07/2010,59.6
01/08/2010,59.7
01/09/2010,59.5
01/10/2010,58.8
01/11/2010,58.2
01/12/2010,58.1
01/01/2011,57.6
01/02/2011,57.4
01/03/2011,57.2
01/04/2011,58
01/05/2011,57.7
01/06/2011,57.8
01/07/2011,58.5
01/08/2011,58.6
01/09/2011,58.4
01/10/2011,57.9
01/11/2011,57.9
01/12/2011,57.7
01/01/2012,57.5
01/02/2012,57.5
01/03/2012,57.6
01/04/2012,58.3
01/05/2012,58.5
01/06/2012,59
01/07/2012,59.4
01/08/2012,59.5
01/09/2012,59.3
01/10/2012,58.9
01/11/2012,59
01/12/2012,58.9
01/01/2013,58.4
01/02/2013,58.5
01/03/2013,58.9
01/04/2013,59.4
01/05/2013,59.7
01/06/2013,60.1
01/07/2013,60.9
01/08/2013,61.3
01/09/2013,61.5
01/10/2013,61.2
01/11/2013,61.5
01/12/2013,62.3
01/01/2014,62.2
01/02/2014,62.5
01/03/2014,62.8
01/04/2014,64.2
01/05/2014,64.8
01/06/2014,65.4
01/07/2014,66.3
01/08/2014,67.2
01/09/2014,67.3
01/10/2014,67.2
01/11/2014,67
01/12/2014,67.2
01/01/2015,67
01/02/2015,67.2
01/03/2015,67.2
01/04/2015,68
01/05/2015,68.8
01/06/2015,69.3
01/07/2015,70.5
01/08/2015,71.3
01/09/2015,71.5
01/10/2015,71.6
01/11/2015,72.2
01/12/2015,72.5
01/01/2016,72.8
01/02/2016,72.9
01/03/2016,73.6
01/04/2016,73.9
01/05/2016,74.8
01/06/2016,75.5
01/07/2016,76.3
01/08/2016,76.4
01/09/2016,76.3
01/10/2016,76
01/11/2016,76.3
01/12/2016,76.6
01/01/2017,76.5
01/02/2017,76.9
01/03/2017,76.6
01/04/2017,77.6
01/05/2017,78.2
01/06/2017,78.8
01/07/2017,79.7
01/08/2017,80.1
01/09/2017,80
01/10/2017,79.9
01/11/2017,79.6
01/12/2017,80.1
01/01/2018,79.6
01/02/2018,79.9
01/03/2018,79.4
01/04/2018,80.1
01/05/2018,80.4
01/06/2018,80.9
01/07/2018,81.9
01/08/2018,82.1
01/09/2018,82
01/10/2018,81.8
01/11/2018,81.6
01/12/2018,81.4
01/01/2019,80.8
01/02/2019,80.7
01/03/2019,80.3
01/04/2019,80.8
01/05/2019,80.9
01/06/2019,81.2
01/07/2019,82.1
01/08/2019,82.3
01/09/2019,82.5
01/10/2019,82.2
01/11/2019,81.9
01/12/2019,82
01/01/2020,81.9
01/02/2020,81.5
01/03/2020,82.3
01/04/2020,81.4
01/05/2020,81.8
01/06/2020,82.8
01/07/2020,83.6
01/08/2020,84.5
01/09/2020,85.3
01/10/2020,85.8
01/11/2020,86.7
01/12/2020,87.5
01/01/2021,87.4
01/02/2021,87.9
01/03/2021,89
01/04/2021,87.7
01/05/2021,87.9
01/06/2021,93.1
01/07/2021,87.7
01/08/2021,90.7
01/09/2021,93.8
01/10/2021,90.9
01/11/2021,92.9
01/12/2021,93.7
01/01/2022,94.5
01/02/2022,94.9
01/03/2022,95.2
01/04/2022,96.1
01/05/2022,97.3
01/06/2022,98.4
01/07/2022,100.2
01/08/2022,101.2
01/09/2022,101.5
01/10/2022,101.5
01/11/2022,101.5
01/12/2022,100.8
01/01/2023,100
01/02/2023,99.3
01/03/2023,97.8
01/04/2023,98
01/05/2023,97.9
01/06/2023,98.5
01/07/2023,99.5
01/08/2023,100
01/09/2023,99.5
01/10/2023,99.1
01/11/2023,98.3
01/12/2023,97.5
01/01/2024,97.3
01/02/2024,97.1
01/03/2024,97
01/04/2024,97.6
01/05/2024,98.6
01/06/2024,99
01/07/2024,99.8
01/08/2024,101.7
01/09/2024,102
01/10/2024,101.6
01/11/2024,101.7
01/12/2024,101.7