Date,2 year fixed 75% LTV,5 year fixed 75% LTV,2 Year variable 75% LTV,Revert to rate,2 year buy to let 75% LTV
28/02/2025,4.66,4.39,4.88,7.33,4.3
31/01/2025,4.64,4.38,5.02,7.46,4.4
31/12/2024,4.6,4.37,5.02,7.47,4.28
30/11/2024,4.53,4.29,5.13,7.56,4.31
31/10/2024,4.4,4.06,5.32,7.68,4.24
30/09/2024,4.58,4.09,5.45,7.7,4.35
31/08/2024,4.8,4.33,5.5,7.86,4.39
31/07/2024,4.99,4.49,5.7,8.07,4.45
30/06/2024,5.16,4.64,5.76,8.03,4.61
31/05/2024,5.19,4.66,5.77,8,4.54
30/04/2024,4.98,4.51,5.71,8,4.63
31/03/2024,4.96,4.53,5.71,7.93,4.83
29/02/2024,4.76,4.41,5.72,7.94,4.69
31/01/2024,4.71,4.43,5.72,7.94,5.07
31/12/2023,5.03,4.68,5.69,7.92,5.4
30/11/2023,5.28,4.89,5.7,8,5.57
31/10/2023,5.6,5.02,5.67,8.02,5.8
30/09/2023,5.91,5.24,5.69,7.98,5.99
31/08/2023,6.18,5.53,5.66,7.91,6.14
31/07/2023,6.22,5.71,5.42,7.64,6.22
30/06/2023,5.49,4.95,4.97,7.47,5.48
31/05/2023,4.72,4.28,4.71,7.38,4.78
30/04/2023,4.6,4.16,4.55,7.3,4.76
31/03/2023,4.74,4.26,4.6,7.16,5.05
28/02/2023,4.79,4.36,4.45,6.97,5.11
31/01/2023,5.14,4.66,4.08,6.61,5.34
31/12/2022,5.43,5.05,4.14,6.42,5.68
30/11/2022,5.98,5.5,3.96,5.87,6
31/10/2022,5.99,5.61,3.24,5.42,5.87
30/09/2022,4.17,3.97,2.78,5.1,4.12
31/08/2022,3.6,3.61,2.33,4.88,3.52
31/07/2022,3.48,3.43,2.23,4.55,3.37
30/06/2022,2.87,2.9,2.45,4.39,2.85
31/05/2022,2.63,2.62,2.39,4.26,2.64
30/04/2022,2.35,2.35,2.32,4.11,2.43
31/03/2022,2.14,2.11,2.01,3.99,2.12
28/02/2022,1.78,1.79,1.75,3.84,1.78
31/01/2022,1.64,1.63,1.51,3.67,1.7
31/12/2021,1.57,1.59,1.65,3.61,1.7
30/11/2021,1.53,1.52,1.69,3.59,1.67
31/10/2021,1.29,1.3,1.79,3.6,1.65
30/09/2021,1.2,1.28,1.88,3.61,1.75
31/08/2021,1.23,1.39,1.93,3.61,1.79
31/07/2021,1.29,1.45,1.99,3.61,1.86
30/06/2021,1.39,1.6,2.24,3.61,1.96
31/05/2021,1.47,1.68,2.14,3.61,2
30/04/2021,1.49,1.71,2.14,3.61,2.01
31/03/2021,1.56,1.74,1.91,3.62,2.03
28/02/2021,1.61,1.8,1.95,3.62,2.03
31/01/2021,1.75,1.92,2.04,3.62,2.03
31/12/2020,1.86,2,2.19,3.62,2.05
30/11/2020,1.92,2.05,2.14,3.62,1.94
31/10/2020,1.94,2.05,2.08,3.64,1.89
30/09/2020,1.75,1.92,1.63,3.65,1.88
31/08/2020,1.6,1.79,1.6,3.65,1.88
31/07/2020,1.45,1.7,1.74,3.66,1.85
30/06/2020,1.41,1.69,1.66,3.65,1.85
31/05/2020,1.42,1.7,1.59,3.65,1.83
30/04/2020,1.38,1.67,1.87,3.66,1.78
31/03/2020,1.4,1.66,2.37,4.1,1.83
29/02/2020,1.4,1.67,2.31,4.26,1.83
31/01/2020,1.41,1.68,1.97,4.27,1.88
31/12/2019,1.42,1.67,1.94,4.27,1.93
30/11/2019,1.41,1.67,1.9,4.27,1.94
31/10/2019,1.47,1.71,1.95,4.27,1.96
30/09/2019,1.55,1.79,2.03,4.29,2.04
31/08/2019,1.59,1.89,2.03,4.29,2.13
31/07/2019,1.61,1.93,2.03,4.29,2.19
30/06/2019,1.64,1.97,1.6,4.29,2.29
31/05/2019,1.65,1.99,1.6,4.29,2.28
30/04/2019,1.66,2,1.62,4.31,2.29
31/03/2019,1.7,2.03,1.61,4.31,2.25
28/02/2019,1.7,2.05,1.61,4.31,2.22
31/01/2019,1.72,2.05,1.62,4.48,2.37
31/12/2018,1.73,2.01,1.7,4.4,2.38
30/11/2018,1.75,2.02,1.68,4.41,2.36
31/10/2018,1.8,2.06,1.72,4.45,2.35
30/09/2018,1.71,2.01,1.68,4.39,2.33
31/08/2018,1.75,2.03,1.7,4.35,2.24
31/07/2018,1.75,2.04,1.54,4.1,2.27
30/06/2018,1.74,2.03,1.56,4.06,2.28
31/05/2018,1.74,2.06,1.59,4.16,2.26
30/04/2018,1.72,2.01,1.64,4.17,2.28
31/03/2018,1.53,2.02,1.58,4.14,2.33
28/02/2018,1.49,1.99,1.61,4.23,2.32
31/01/2018,1.54,1.98,1.72,4.21,2.3
31/12/2017,1.57,2.07,1.69,4.54,2.49
30/11/2017,1.61,2.04,1.69,4.34,2.52
31/10/2017,1.55,2.04,1.46,4.31,2.52
30/09/2017,1.4,1.9,1.46,4.31,2.52
31/08/2017,1.43,1.96,1.39,4.32,2.55
31/07/2017,1.41,1.97,1.38,4.51,2.63
30/06/2017,1.48,1.99,1.42,4.28,2.61
31/05/2017,1.49,2.03,1.46,4.23,2.62
30/04/2017,1.35,2.09,1.39,4.54,2.54
31/03/2017,1.37,2.15,1.42,4.28,2.62
28/02/2017,1.42,2.2,1.48,4.37,2.74
31/01/2017,1.45,2.22,1.49,4.49,2.82
31/12/2016,1.45,2.26,1.48,4.23,2.86
30/11/2016,1.43,2.25,1.52,4.28,2.93
31/10/2016,1.52,2.27,1.52,4.24,2.98
30/09/2016,1.59,2.34,1.54,4.24,2.97
31/08/2016,1.69,2.39,1.52,4.3,3.15
31/07/2016,1.72,2.51,1.72,4.55,3.13
30/06/2016,1.75,2.54,1.62,4.52,3.15
31/05/2016,1.91,2.64,1.61,4.56,3.21
30/04/2016,1.84,2.71,1.67,4.64,3.21
31/03/2016,1.9,2.7,1.67,4.57,3.19
29/02/2016,1.95,2.73,1.68,4.58,3.19
31/01/2016,1.93,2.68,1.68,4.56,3.24
31/12/2015,1.9,2.75,1.78,4.49,3.36
30/11/2015,1.92,2.77,1.78,4.49,3.36
31/10/2015,1.87,2.78,1.78,4.54,3.47
30/09/2015,1.91,2.84,1.74,4.5,3.53
31/08/2015,1.95,2.92,1.72,4.48,3.54
31/07/2015,1.87,2.83,1.7,4.5,3.54
30/06/2015,1.83,2.82,1.66,4.49,3.64
31/05/2015,1.9,2.86,1.56,4.55,3.61
30/04/2015,1.95,2.92,1.55,4.53,3.66
31/03/2015,1.99,2.98,1.56,4.51,3.74
28/02/2015,1.96,3.05,1.61,4.51,3.66
31/01/2015,2.01,3.09,1.6,4.56,3.61
31/12/2014,2.08,3.21,1.6,4.48,3.68
30/11/2014,2.17,3.21,1.81,4.49,3.67
31/10/2014,2.21,3.27,1.88,4.53,3.65
30/09/2014,2.46,3.61,2.44,4.52,3.68
31/08/2014,2.54,3.76,2.74,4.45,3.76
31/07/2014,2.54,3.78,2.74,4.45,3.84
30/06/2014,2.6,3.69,2.71,4.36,3.89
31/05/2014,2.56,3.72,2.72,4.42,3.87
30/04/2014,2.54,3.69,2.73,4.43,4.02
31/03/2014,2.37,3.48,2.68,4.43,4.12
28/02/2014,2.38,3.45,2.82,4.43,4.05
31/01/2014,2.37,3.34,2.76,4.41,4.07
31/12/2013,2.4,3.34,2.77,4.39,4.05
30/11/2013,2.44,3.36,2.83,4.41,4.12
31/10/2013,2.48,3.37,2.91,4.37,4.19
30/09/2013,2.54,3.4,2.97,4.35,4.21
31/08/2013,2.58,3.35,2.8,4.36,4.21
31/07/2013,2.62,3.39,2.85,4.37,4.21
30/06/2013,2.63,3.41,2.91,4.38,4.25
31/05/2013,2.69,3.44,2.93,4.38,4.17
30/04/2013,2.87,3.61,2.98,4.35,4.28
31/03/2013,2.9,3.63,3.08,4.34,4.69
28/02/2013,2.92,3.62,3.09,4.38,4.51
31/01/2013,3.11,3.71,3.36,4.38,4.59
31/12/2012,3.35,3.91,3.44,4.35,4.95
30/11/2012,3.43,3.92,3.47,4.32,4.8
31/10/2012,3.49,3.96,3.49,4.32,5.06
30/09/2012,3.67,4.07,3.52,4.29,5.08
31/08/2012,3.69,4.11,3.54,4.27,5.36
31/07/2012,3.67,4.18,3.51,4.24,5.38
30/06/2012,3.74,4.3,3.53,4.22,5.36
31/05/2012,3.68,4.28,3.53,4.16,5.29
30/04/2012,3.66,4.29,3.41,4.1,5.29
31/03/2012,3.44,4.19,3.26,4.1,5.21
29/02/2012,3.37,4.17,3.24,4.14,5.26
31/01/2012,3.27,4.18,3.2,4.18,5.28
31/12/2011,3.22,4.06,3.02,4.12,n/a
30/11/2011,3.14,4.08,2.94,4.13,n/a
31/10/2011,3.04,4,2.83,4.14,n/a
30/09/2011,2.92,3.98,2.73,4.12,n/a
31/08/2011,3,4.51,2.69,4.11,n/a
31/07/2011,3.14,4.69,2.61,4.1,n/a
30/06/2011,3.36,4.9,2.76,4.05,n/a
31/05/2011,3.51,5.02,2.94,4,n/a
30/04/2011,3.66,5.1,2.9,4,n/a
31/03/2011,3.68,5.1,2.9,4.07,n/a
28/02/2011,3.7,5.15,2.96,4.07,n/a
31/01/2011,3.7,5.03,2.99,4.04,n/a
31/12/2010,3.5,4.76,2.96,3.91,n/a
30/11/2010,3.53,4.73,2.95,3.91,n/a
31/10/2010,3.68,4.86,3.02,3.91,n/a
30/09/2010,3.8,5.04,2.99,3.93,n/a
31/08/2010,3.74,5.07,2.96,3.94,n/a
31/07/2010,3.77,5.24,3.05,3.92,n/a
30/06/2010,3.67,5.35,3.06,3.92,n/a
31/05/2010,3.78,5.38,3.05,3.94,n/a
30/04/2010,3.82,5.5,3.01,3.99,n/a
31/03/2010,3.92,5.5,3,4.04,n/a
28/02/2010,3.88,5.5,3.01,4.05,n/a
31/01/2010,3.97,5.56,2.99,4.08,n/a
31/12/2009,4.05,5.67,3.31,3.97,n/a
30/11/2009,4.1,5.71,3.3,3.98,n/a
31/10/2009,4.32,5.67,3.3,3.91,n/a
30/09/2009,4.47,5.69,3.25,3.91,n/a
31/08/2009,4.43,5.72,3.25,3.93,n/a
31/07/2009,4.42,5.68,3.42,4.11,n/a
30/06/2009,4.45,5.54,3.47,3.95,n/a
31/05/2009,3.98,4.93,3.55,3.83,n/a
30/04/2009,4.02,4.88,3.59,3.82,n/a
31/03/2009,3.98,4.95,3.64,4.06,n/a
28/02/2009,4.35,4.97,4.11,4.38,n/a
31/01/2009,4.35,4.94,4.15,4.73,n/a
31/12/2008,4.77,5.28,4.7,5.38,n/a
30/11/2008,5.1,5.47,5.08,6.34,n/a
31/10/2008,5.83,5.88,5.94,6.91,n/a
30/09/2008,5.96,5.84,5.94,6.95,n/a
31/08/2008,6.08,6.09,5.95,6.93,n/a
31/07/2008,6.35,6.37,5.96,6.92,n/a
30/06/2008,6.6,6.4,6.04,6.92,n/a
31/05/2008,6.26,6.11,6.2,6.95,n/a
30/04/2008,6.06,5.85,6.13,7.23,n/a
31/03/2008,5.8,5.7,5.9,7.24,n/a
29/02/2008,5.74,5.68,5.73,7.5,n/a
31/01/2008,5.97,5.91,5.93,7.51,n/a
31/12/2007,6.06,5.97,5.75,7.68,n/a
30/11/2007,6.09,6.02,5.9,7.72,n/a
31/10/2007,6.11,6.23,5.81,7.74,n/a
30/09/2007,6.05,6.19,5.7,7.74,n/a
31/08/2007,6.11,6.28,5.68,7.69,n/a
31/07/2007,6.07,6.33,5.66,7.44,n/a
30/06/2007,5.98,6.1,5.63,7.46,n/a
31/05/2007,5.7,5.82,5.5,7.23,n/a
30/04/2007,5.62,5.9,5.4,7.22,n/a
31/03/2007,5.55,5.73,5.43,7.19,n/a
28/02/2007,5.46,5.73,5.39,7.2,n/a
31/01/2007,5.32,5.61,5.24,7.01,n/a
31/12/2006,5.15,5.49,5.11,6.98,n/a
30/11/2006,5.2,5.48,4.89,6.7,n/a
31/10/2006,4.99,5.36,4.88,6.68,n/a
30/09/2006,5.1,5.39,4.9,6.65,n/a
31/08/2006,5.1,5.4,4.74,6.4,n/a
31/07/2006,5.01,5.31,4.57,6.4,n/a
30/06/2006,5,5.34,4.59,6.4,n/a
31/05/2006,5,5.36,4.6,6.4,n/a
30/04/2006,4.77,5.09,4.66,6.41,n/a
31/03/2006,4.72,4.98,4.66,6.41,n/a
28/02/2006,4.71,4.93,4.59,6.37,n/a
31/01/2006,4.62,4.92,4.62,6.36,n/a
31/12/2005,4.74,5,4.61,6.35,n/a
30/11/2005,4.74,4.98,4.59,6.35,n/a
31/10/2005,4.54,4.85,4.56,6.35,n/a
30/09/2005,4.52,4.82,4.59,6.4,n/a
31/08/2005,4.56,4.85,4.71,6.58,n/a
31/07/2005,4.59,4.84,4.87,6.61,n/a
30/06/2005,4.77,4.92,4.87,6.62,n/a
31/05/2005,4.91,5.05,4.86,6.62,n/a
30/04/2005,5.16,5.23,4.88,6.62,n/a
31/03/2005,5.2,5.28,4.82,6.61,n/a
28/02/2005,5.07,5.25,4.82,6.61,n/a
31/01/2005,4.99,5.2,4.83,6.61,n/a
31/12/2004,5.07,5.37,4.91,6.6,n/a
30/11/2004,5.06,5.49,4.93,6.6,n/a
31/10/2004,5.29,5.68,4.97,6.61,n/a
30/09/2004,5.33,5.79,4.98,6.59,n/a
31/08/2004,5.47,5.84,4.89,6.32,n/a
31/07/2004,5.53,5.88,4.76,6.32,n/a
30/06/2004,5.52,5.87,4.65,6.08,n/a
31/05/2004,5.18,5.57,4.49,5.82,n/a
30/04/2004,5.11,5.52,4.23,5.81,n/a
31/03/2004,4.9,5.39,4.23,5.81,n/a
29/02/2004,4.89,5.38,4.14,5.59,n/a
31/01/2004,4.95,5.43,3.97,5.59,n/a
31/12/2003,5.05,5.53,3.88,5.59,n/a
30/11/2003,5.1,5.54,3.82,5.32,n/a
31/10/2003,4.98,5.41,3.65,5.3,n/a
30/09/2003,4.56,5.05,3.61,5.31,n/a
31/08/2003,4.32,4.81,3.55,5.32,n/a
31/07/2003,3.87,4.48,3.61,5.5,n/a
30/06/2003,3.85,4.36,3.75,5.5,n/a
31/05/2003,3.91,4.64,4,5.5,n/a
30/04/2003,4.06,4.75,3.91,5.51,n/a
31/03/2003,4.06,4.76,3.92,5.49,n/a
28/02/2003,4.14,4.74,3.93,5.63,n/a
31/01/2003,4.5,4.99,4.11,5.64,n/a
31/12/2002,4.62,5.1,4.22,5.64,n/a
30/11/2002,4.45,5.01,4.23,5.65,n/a
31/10/2002,4.43,4.98,3.99,5.66,n/a
30/09/2002,4.5,5.06,3.93,5.65,n/a
31/08/2002,4.59,5.27,4.07,5.66,n/a
31/07/2002,5.3,5.72,4.08,5.66,n/a
30/06/2002,5.41,5.81,4.06,5.66,n/a
31/05/2002,5.43,5.87,4.05,5.66,n/a
30/04/2002,5.35,5.86,3.95,5.65,n/a
31/03/2002,5.22,5.79,3.91,5.65,n/a
28/02/2002,5.14,5.69,3.83,5.66,n/a
31/01/2002,5.06,5.66,4.1,5.66,n/a
31/12/2001,4.98,5.65,4.15,5.67,n/a
30/11/2001,4.84,5.49,4.12,6.06,n/a
31/10/2001,5.06,5.61,4.55,6.32,n/a
30/09/2001,5.39,5.77,4.62,6.54,n/a
31/08/2001,5.58,5.91,4.91,6.8,n/a
31/07/2001,5.92,6.07,5.26,6.81,n/a
30/06/2001,5.72,5.93,5.15,6.81,n/a
31/05/2001,5.65,5.78,5.14,7.03,n/a
30/04/2001,5.63,5.76,5.39,7.3,n/a
31/03/2001,5.68,5.91,5.49,7.27,n/a
28/02/2001,5.7,6,5.45,7.56,n/a
31/01/2001,5.78,6.14,5.65,7.56,n/a
31/12/2000,6.03,6.2,5.76,7.55,n/a
30/11/2000,6.06,6.58,5.79,7.59,n/a
31/10/2000,6.05,6.61,5.84,7.59,n/a
30/09/2000,6.31,6.7,5.87,7.59,n/a
31/08/2000,6.35,6.76,5.98,7.63,n/a
31/07/2000,6.37,6.81,5.99,7.64,n/a
30/06/2000,6.46,6.87,5.97,7.64,n/a
31/05/2000,6.39,6.9,5.89,7.64,n/a
30/04/2000,6.31,6.92,5.81,7.63,n/a
31/03/2000,6.45,6.94,5.86,7.62,n/a
29/02/2000,6.79,7.11,5.62,7.38,n/a
31/01/2000,6.78,7.09,5.35,7.13,n/a
31/12/1999,6.52,6.92,5.39,7.1,n/a
30/11/1999,6.6,6.94,5.33,6.87,n/a
31/10/1999,6.5,6.88,5.2,6.82,n/a
30/09/1999,6.22,6.67,5.14,6.72,n/a
31/08/1999,6.19,6.64,5.33,6.72,n/a
31/07/1999,6,6.3,5.45,6.72,n/a
30/06/1999,5.89,6.29,5.43,6.73,n/a
31/05/1999,5.72,5.97,5.52,6.75,n/a
30/04/1999,5.71,5.89,5.59,6.83,n/a
31/03/1999,5.64,5.8,5.71,6.85,n/a
28/02/1999,5.78,5.7,6.17,7.35,n/a
31/01/1999,5.9,5.9,6.41,7.6,n/a
31/12/1998,6.42,6.36,7.06,8,n/a
30/11/1998,6.66,6.51,7.56,8.58,n/a
31/10/1998,6.91,6.66,7.66,8.85,n/a
30/09/1998,7.27,6.93,7.65,8.87,n/a
31/08/1998,7.33,7.04,7.65,8.83,n/a
31/07/1998,7.08,6.94,7.5,8.8,n/a
30/06/1998,6.94,6.75,7.25,8.59,n/a
31/05/1998,7.12,6.83,7.25,8.59,n/a
30/04/1998,7.14,6.82,7.25,8.59,n/a
31/03/1998,7.02,7.06,0,8.59,n/a
28/02/1998,7.08,7.15,0,8.59,n/a
31/01/1998,7.13,7.31,0,8.56,n/a
31/12/1997,7.13,7.4,0,8.5,n/a
30/11/1997,7.04,7.33,0,8.37,n/a
31/10/1997,7.07,7.49,0,8.36,n/a
30/09/1997,7.06,7.67,0,8.33,n/a
31/08/1997,7.17,7.9,0,8.15,n/a
31/07/1997,7.2,7.91,0,7.86,n/a
30/06/1997,7.14,7.91,0,7.64,n/a
31/05/1997,7.15,8.02,0,7.27,n/a
30/04/1997,7.24,7.93,0,7.22,n/a
31/03/1997,7.11,7.98,0,7.21,n/a
28/02/1997,7.35,8.22,0,7.22,n/a
31/01/1997,7.29,8.31,0,7.18,n/a
31/12/1996,7.24,8.27,n/a,7.01,n/a
30/11/1996,6.94,8.02,n/a,6.92,n/a
31/10/1996,6.96,8.17,n/a,6.92,n/a
30/09/1996,7.06,8.16,n/a,6.93,n/a
31/08/1996,7.09,8.28,n/a,6.99,n/a
31/07/1996,7.12,8.25,n/a,7.15,n/a
30/06/1996,7.06,8.13,n/a,7.15,n/a
31/05/1996,7.01,8.18,n/a,7.17,n/a
30/04/1996,6.62,7.82,n/a,7.3,n/a
31/03/1996,6.49,7.7,n/a,7.46,n/a
29/02/1996,6.65,7.66,n/a,7.5,n/a
31/01/1996,6.7,7.87,n/a,7.72,n/a
31/12/1995,7.99,8.13,n/a,7.95,n/a
30/11/1995,7.99,8.14,n/a,7.96,n/a
31/10/1995,7.99,8.19,n/a,8,n/a
30/09/1995,7.99,8.57,n/a,8.36,n/a
31/08/1995,7.99,8.85,n/a,8.36,n/a
31/07/1995,7.89,8.93,n/a,8.36,n/a
30/06/1995,7.94,9.01,n/a,8.35,n/a
31/05/1995,8.22,9.4,n/a,8.36,n/a
30/04/1995,8.29,9.4,n/a,8.36,n/a
31/03/1995,8.08,9.33,n/a,8.36,n/a
28/02/1995,8.38,9.38,n/a,8.33,n/a
31/01/1995,8.13,9.44,n/a,8.21,n/a